5C:1D:D9:D3:04:30,-71.21126761,-46.65560166,-73.91264368,1
9C:B2:B2:6D:06:91,-73,-50.4,-77.66666667,1
74:60:FA:9C:D6:1D,-64.61349693,-52.74452555,-74.36363636,1
6C:4D:73:3B:FC:2D,-69.09734513,-48.98245614,-77.89528796,1
9C:B2:B2:6D:06:91,-68,-52.4,-80,1
5C:1D:D9:D3:04:30,-69.8343949,-49.36218679,-79.83935743,1
74:60:FA:9C:D6:1D,-68.20143885,-50.77272727,-74.24,1
6C:4D:73:3B:FC:2D,-72.1,-58.66666667,-78.5,1
6C:4D:73:3B:FC:2D,-73.31578947,-60.78547855,-78.79365079,1
9C:B2:B2:6D:06:91,-64,-62.44444444,-80,1
74:60:FA:9C:D6:1D,-69.88235294,-51.95,0,1
5C:1D:D9:D3:04:30,-74.82051282,-48.70995671,-79.25384615,1
6C:4D:73:3B:FC:2D,-75.40909091,-59.26451613,-79.91208791,1
9C:B2:B2:6D:06:91,-66,0,-84,1
74:60:FA:9C:D6:1D,-79.14285714,-58,-80,1
5C:1D:D9:D3:04:30,-75.33333333,-48.01459854,-73.14498141,1
6C:4D:73:3B:FC:2D,-73.83050847,-58.64573991,-80.72897196,1
9C:B2:B2:6D:06:91,-73,-50.5,-80,1
74:60:FA:9C:D6:1D,-71.52,-53.16097561,-83.24324324,1
5C:1D:D9:D3:04:30,-74.0969697,-52.8372093,-77.47528517,1
6C:4D:73:3B:FC:2D,-74.16666667,-59.97590361,-79.04761905,1
74:60:FA:9C:D6:1D,-72.30769231,-49.64393939,-83.08016878,1
5C:1D:D9:D3:04:30,-72.33160622,-56.42512077,-71.9682035,1
6C:4D:73:3B:FC:2D,-72.05,-53.82278481,-78.48275862,1
9C:B2:B2:6D:06:91,-72,-54.96,-78,1
74:60:FA:9C:D6:1D,-72.2811245,-47.61928934,-83.44776119,1
5C:1D:D9:D3:04:30,-71.77777778,-52.07042254,-76.73684211,1
6C:4D:73:3B:FC:2D,-74.34285714,-53.7826087,-81.57333333,1
9C:B2:B2:6D:06:91,-71.22222222,-55.23809524,-79.23809524,1
74:60:FA:9C:D6:1D,-72.94117647,-48.0990099,-88,1
5C:1D:D9:D3:04:30,-69.55294118,-56.61212121,-74,1
6C:4D:73:3B:FC:2D,-76.08695652,-62.35294118,-79.41666667,1
9C:B2:B2:6D:06:91,-64.57142857,-49.16666667,-75.5,1
74:60:FA:9C:D6:1D,-70.1025641,-49.90625,-88,1
5C:1D:D9:D3:04:30,-72.60606061,-55.33632287,-72.54481547,1
6C:4D:73:3B:FC:2D,-74,-62.92307692,-80.4,1
9C:B2:B2:6D:06:91,-68.66666667,-49.27272727,-76,1
74:60:FA:9C:D6:1D,-72.39153439,-48.27586207,-88,1
5C:1D:D9:D3:04:30,-74.86580087,-56.86652079,-73.08849558,1
6C:4D:73:3B:FC:2D,-69.39393939,-53.28,-80.26086957,1
9C:B2:B2:6D:06:91,-74.57142857,-58,0,1
5C:1D:D9:D3:04:30,-72.97237569,-58.29577465,-73.92090395,1
74:60:FA:9C:D6:1D,-74.66666667,-47.83333333,-79.2,1
6C:4D:73:3B:FC:2D,-76.33333333,-54.38461538,-77,1
9C:B2:B2:6D:06:91,-69.33333333,-52.4,-73.2,1
74:60:FA:9C:D6:1D,-70,-49.36842105,-80.66666667,1
5C:1D:D9:D3:04:30,-68.79674797,-55.76851852,-78.22340426,1
6C:4D:73:3B:FC:2D,-77.2,-54.41860465,-77.375,1
9C:B2:B2:6D:06:91,-69.33333333,-48.37037037,-77.05084746,1
74:60:FA:9C:D6:1D,-81.47474747,-52.67938931,-78.58631922,1
5C:1D:D9:D3:04:30,-70.05194805,-52.77333333,-77.94623656,1
6C:4D:73:3B:FC:2D,-67.2,-56.77419355,-87,1
5C:1D:D9:D3:04:30,-66.5,-52.03658537,-75.88837209,1
9C:B2:B2:6D:06:91,-69.77777778,-51.5,-78.25,1
74:60:FA:9C:D6:1D,-77.78888889,-54.3147541,-79.57176471,1
6C:4D:73:3B:FC:2D,-67.75,-58,-78.33333333,1
9C:B2:B2:6D:06:91,-71.25,-51.27272727,-80,1
74:60:FA:9C:D6:1D,-76,-53.55555556,-78,1
5C:1D:D9:D3:04:30,-68.359375,-60.83667622,-76.0622084,1
6C:4D:73:3B:FC:2D,-67.96721311,-57.8349835,-83.54320988,1
9C:B2:B2:6D:06:91,-75.2,-54.42857143,-80.4,1
74:60:FA:9C:D6:1D,-73.66666667,-53.22222222,-78.91666667,1
5C:1D:D9:D3:04:30,-67.2,-60.44776119,-76.07084469,1
6C:4D:73:3B:FC:2D,-67.85507246,-56.52027027,-83.16491228,1
9C:B2:B2:6D:06:91,-74.63829787,-64,-84.25,1
74:60:FA:9C:D6:1D,-76.22727273,-61.77777778,-80,1
5C:1D:D9:D3:04:30,-64.83333333,-55.26235741,-75.91489362,1
6C:4D:73:3B:FC:2D,-71.66064982,-57.05190311,-81.63636364,1
9C:B2:B2:6D:06:91,-75,-31.93548387,-77.33333333,1
74:60:FA:9C:D6:1D,-79.25,-61.33333333,-84,1
5C:1D:D9:D3:04:30,-65.73846154,-50.04137931,-77.72868217,1
6C:4D:73:3B:FC:2D,-74.34782609,-57.35238095,-78.17777778,1
9C:B2:B2:6D:06:91,-79.33333333,-66.82352941,-79.5,1
74:60:FA:9C:D6:1D,-80.5,-57,-81,1
5C:1D:D9:D3:04:30,-67.14920635,-55.22352941,-77.17424242,1
6C:4D:73:3B:FC:2D,-70.02409639,-63.04081633,-80.21276596,1
9C:B2:B2:6D:06:91,-71.66666667,-51.63636364,-77.27272727,1
74:60:FA:9C:D6:1D,-76.83333333,-60.875,0,1
5C:1D:D9:D3:04:30,-70.26666667,-49.61764706,-81.06053269,1
6C:4D:73:3B:FC:2D,-70.7238806,-59.70087977,-79.64485981,1
9C:B2:B2:6D:06:91,-73.6,-64.61538462,-79,1
74:60:FA:9C:D6:1D,-75.5,-58.25,0,1
5C:1D:D9:D3:04:30,-70.01612903,-52.81681682,-77.03514377,1
6C:4D:73:3B:FC:2D,-69.94202899,-55.88333333,-80.61111111,1
9C:B2:B2:6D:06:91,-72.80645161,-48.74820144,-82.72072072,1
74:60:FA:9C:D6:1D,-72,-60,-79.33333333,1
5C:1D:D9:D3:04:30,-68.06896552,-51.38996139,-77.05532787,1
6C:4D:73:3B:FC:2D,-77.05882353,-60.62068966,-81.63636364,1
9C:B2:B2:6D:06:91,-70.56896552,-47.3828125,-78.55045872,1
74:60:FA:9C:D6:1D,0,0,-82,1
5C:1D:D9:D3:04:30,-69.17647059,-51.80952381,-75.96363636,1
6C:4D:73:3B:FC:2D,-77.14285714,-59.33333333,-80.26666667,1
9C:B2:B2:6D:06:91,-71.11949686,-49.33333333,-80.67759563,1
74:60:FA:9C:D6:1D,-72,-59.125,-80,1
5C:1D:D9:D3:04:30,-65.71428571,-54.61538462,-75,1
6C:4D:73:3B:FC:2D,-76.31578947,-62.60606061,-77.88235294,1
9C:B2:B2:6D:06:91,-67.57635468,-48.31858407,-81.8442623,1
74:60:FA:9C:D6:1D,-75.8,-60.9375,-83,1
5C:1D:D9:D3:04:30,-68.75,-54.08,-81.33333333,1
6C:4D:73:3B:FC:2D,-76,-67.5,-79.2,1
9C:B2:B2:6D:06:91,-67.26190476,-45.45762712,-80.01129944,1
74:60:FA:9C:D6:1D,-80.22222222,-58.08,0,1
5C:1D:D9:D3:04:30,-71.65217391,-53.03703704,-77.8,1
6C:4D:73:3B:FC:2D,-76.72,-64,-80.16666667,1
9C:B2:B2:6D:06:91,-67.21311475,-41.24618736,-79.35772358,1
74:60:FA:9C:D6:1D,0,-62,-81.66666667,1
5C:1D:D9:D3:04:30,-70.13333333,-50.78571429,-68.76923077,1
6C:4D:73:3B:FC:2D,-80.06451613,-65.28571429,-78.57142857,1
5C:1D:D9:D3:04:30,-72.88888889,-55.80645161,-69,1
9C:B2:B2:6D:06:91,-72.74285714,-43.5154185,-79.91461412,1
74:60:FA:9C:D6:1D,-76,-66.23529412,-84,1
6C:4D:73:3B:FC:2D,-79.27272727,-59.4,-80.69565217,1
9C:B2:B2:6D:06:91,-69.28502415,-41.42382271,-79.41843972,1
74:60:FA:9C:D6:1D,-77.5,-62,-79.6,1
5C:1D:D9:D3:04:30,-69.2,-55.96428571,-66.69230769,1
6C:4D:73:3B:FC:2D,-73.07692308,-60.07843137,-79.61904762,1
9C:B2:B2:6D:06:91,-65.03125,-42.35497835,-79.06164384,1
74:60:FA:9C:D6:1D,-86,0,-86,1
5C:1D:D9:D3:04:30,-68.43478261,-46.33695652,-71.89090909,1
6C:4D:73:3B:FC:2D,-77.96774194,-64.54716981,-84,1
5C:1D:D9:D3:04:30,-69.5,-55,-66.63636364,1
9C:B2:B2:6D:06:91,-67.36443149,-38.05298013,-77.44385027,1
74:60:FA:9C:D6:1D,0,-64,-80.66666667,1
6C:4D:73:3B:FC:2D,-77,-63.87096774,-81.78409091,1
9C:B2:B2:6D:06:91,-67.28638498,-39.66801619,-77.69444444,1
74:60:FA:9C:D6:1D,-75.57894737,-63.71428571,-80.4,1
5C:1D:D9:D3:04:30,-68.28571429,-58.58333333,-65.77777778,1
6C:4D:73:3B:FC:2D,-73.28421053,-58.203125,-84.3231441,1
9C:B2:B2:6D:06:91,-65.86046512,-47.02723735,-80.84076433,1
74:60:FA:9C:D6:1D,-75.33333333,-63.8125,-79.5,1
5C:1D:D9:D3:04:30,-66.36363636,-58,-64.76923077,1
6C:4D:73:3B:FC:2D,-73.86666667,-55.6909621,-86.94179894,1
9C:B2:B2:6D:06:91,-72.33333333,-52.42962963,-78.2875817,1
74:60:FA:9C:D6:1D,-67.55555556,-58.92307692,-77.69230769,1
5C:1D:D9:D3:04:30,-70.66666667,-57.02439024,-77,1
6C:4D:73:3B:FC:2D,-72.56338028,-53.21481481,-82.45833333,1
9C:B2:B2:6D:06:91,-69.17355372,-44.44791667,-83.06761566,1
74:60:FA:9C:D6:1D,-68.88888889,-54.44444444,-78,1
5C:1D:D9:D3:04:30,-69.23076923,-54.34782609,-69.92857143,1
6C:4D:73:3B:FC:2D,-73.47663551,-54.76923077,-82.14516129,1
9C:B2:B2:6D:06:91,-71.59036145,-45.68181818,-79.73765867,1
5C:1D:D9:D3:04:30,-71.5,-50.22222222,-69.39130435,1
6C:4D:73:3B:FC:2D,-72.12,-60.07017544,-83.79527559,1
9C:B2:B2:6D:06:91,-71.11258278,-44.265625,-79.87096774,1
74:60:FA:9C:D6:1D,-75.5,-34,-79,1
5C:1D:D9:D3:04:30,-72.375,-56.2,-70,1
6C:4D:73:3B:FC:2D,-73.19488818,-54.4,-78.72222222,1
9C:B2:B2:6D:06:91,-71.02564103,-55.5,-79.59036145,1
74:60:FA:9C:D6:1D,-76.07017544,-45.86813187,-77.87283237,1
5C:1D:D9:D3:04:30,-74.57142857,-58.66666667,-69.73333333,1
6C:4D:73:3B:FC:2D,-75.3814433,-58.31761787,-77.54771784,1
9C:B2:B2:6D:06:91,-69.76,-43.26451613,-77.79844961,1
74:60:FA:9C:D6:1D,-72,-50.70967742,-75.36416185,1
5C:1D:D9:D3:04:30,-80.15384615,-57.4,-67,1
6C:4D:73:3B:FC:2D,-73.35483871,-56.21649485,-78.92936803,1
9C:B2:B2:6D:06:91,-72.57416268,-49.55691057,-80.07710843,1
74:60:FA:9C:D6:1D,-70.43478261,-50,-76,1
5C:1D:D9:D3:04:30,-75.5,-55.14285714,-70.54545455,1
6C:4D:73:3B:FC:2D,-71.04,-58.68235294,-76.05524862,1
9C:B2:B2:6D:06:91,-71.22580645,-55.48115299,-77.70636215,1
74:60:FA:9C:D6:1D,-71.6,-50,-78.66666667,1
5C:1D:D9:D3:04:30,-76.1875,-52.73529412,-74.65,1
6C:4D:73:3B:FC:2D,-72.42424242,-61.90432099,-80.22485207,1
9C:B2:B2:6D:06:91,-72.43925234,-45.47851003,-78.25766871,1
74:60:FA:9C:D6:1D,0,-50.70588235,0,1
5C:1D:D9:D3:04:30,-75.58333333,-55.75221239,-74.6,1
6C:4D:73:3B:FC:2D,-77.42635659,-56.6031746,-81.15138593,1
9C:B2:B2:6D:06:91,-72.64615385,-44.59701493,-79.19282511,1
74:60:FA:9C:D6:1D,-70,-52,-79.5,1
5C:1D:D9:D3:04:30,-73.23076923,-59.09589041,-74,1
6C:4D:73:3B:FC:2D,-74.98113208,-57.51851852,-82.82142857,1
9C:B2:B2:6D:06:91,-71.14285714,-47.96969697,-78.64678899,1
74:60:FA:9C:D6:1D,-72,-50,-84,1
5C:1D:D9:D3:04:30,-74.4,-56.25,-73.5,1
6C:4D:73:3B:FC:2D,-72.125,-54.68852459,-79.40740741,1
9C:B2:B2:6D:06:91,-67.41597796,-47.92971246,-79.92,1
74:60:FA:9C:D6:1D,-72,-54.88888889,-83,1
5C:1D:D9:D3:04:30,-69,-57.23076923,-68.57142857,1
6C:4D:73:3B:FC:2D,-74.83333333,-53.08520179,-80.08219178,1
5C:1D:D9:D3:04:30,-72,-56.85714286,-64,1
9C:B2:B2:6D:06:91,-68.71080139,-50.27042254,-80.21387283,1
74:60:FA:9C:D6:1D,-72.57142857,-54,-82,1
6C:4D:73:3B:FC:2D,-75.38461538,-53.69230769,-80.78688525,1
9C:B2:B2:6D:06:91,-66.29411765,-42.80430108,-76.15853659,1
74:60:FA:9C:D6:1D,-72,-59,-79.6,1
5C:1D:D9:D3:04:30,-71.14285714,-60.625,-68.5,1
6C:4D:73:3B:FC:2D,-74,-55.28571429,-82.22222222,1
9C:B2:B2:6D:06:91,-66.57608696,-44.74418605,-77.44444444,1
74:60:FA:9C:D6:1D,0,-54,0,1
5C:1D:D9:D3:04:30,-77.04347826,-54,-68.71186441,1
6C:4D:73:3B:FC:2D,-74.69090909,-58.85714286,-78.69230769,1
9C:B2:B2:6D:06:91,-66.5,-53.625,-83.45454545,1
74:60:FA:9C:D6:1D,-72,-44.69565217,-76,1
5C:1D:D9:D3:04:30,-70.62068966,-56.64285714,-70.57142857,1
6C:4D:73:3B:FC:2D,-75.5,-61,-82,1
9C:B2:B2:6D:06:91,-66.1147541,-44.98958333,-82.02222222,1
74:60:FA:9C:D6:1D,-68.4,0,-76,1
5C:1D:D9:D3:04:30,-68.52173913,-54.55555556,-69.54098361,1
6C:4D:73:3B:FC:2D,-80.90909091,-56.6,-78.77777778,1
9C:B2:B2:6D:06:91,-66,-50.35772358,-80.995671,1
74:60:FA:9C:D6:1D,-76,-45.6,0,1
5C:1D:D9:D3:04:30,-73.55319149,-51.390625,-79.88235294,1
6C:4D:73:3B:FC:2D,-76.8,-56.84337349,0,1
9C:B2:B2:6D:06:91,-65.06849315,-54.68367347,-77.51384615,1
74:60:FA:9C:D6:1D,-74,-47.64705882,-77.5,1
5C:1D:D9:D3:04:30,-74.11111111,-52.31914894,-82.82352941,1
6C:4D:73:3B:FC:2D,-78.375,-58.39240506,-76.10958904,1
74:60:FA:9C:D6:1D,-72.66666667,-43,-77.5,1
9C:B2:B2:6D:06:91,-67.85454545,-55.11450382,-76.3125,1
5C:1D:D9:D3:04:30,-82.59574468,-53.38888889,-81.67213115,1
6C:4D:73:3B:FC:2D,-76.30769231,-66.1,-75.85671642,1
9C:B2:B2:6D:06:91,-72.45833333,-51.52777778,-80.90909091,1
74:60:FA:9C:D6:1D,0,-44.5,0,1
5C:1D:D9:D3:04:30,-79.91304348,-52.01769912,-80.39285714,1
6C:4D:73:3B:FC:2D,-76.875,-68,-76.7,1
9C:B2:B2:6D:06:91,-66.06,-57.04651163,-80.55128205,1
74:60:FA:9C:D6:1D,-68,-46.16666667,-76,1
5C:1D:D9:D3:04:30,-77.80952381,-53.26984127,-80.8125,1
6C:4D:73:3B:FC:2D,-79.5,-62.89655172,-77.8,1
74:60:FA:9C:D6:1D,-72,-50.90909091,-76,1
9C:B2:B2:6D:06:91,-67.52941176,-70.44444444,-72.66666667,1
5C:1D:D9:D3:04:30,-81.86206897,-53.56666667,-80.19230769,1
6C:4D:73:3B:FC:2D,-75.37096774,-59.16030534,-80.38461538,1
5C:1D:D9:D3:04:30,-81.61904762,-55.58585859,-80.73469388,1
9C:B2:B2:6D:06:91,-65.5,-43.14285714,-74.88888889,1
74:60:FA:9C:D6:1D,-72,0,-79,1
6C:4D:73:3B:FC:2D,-76.09580838,-57.47647059,-77.48743719,1
9C:B2:B2:6D:06:91,-66.8,-50.44444444,-82.75,1
74:60:FA:9C:D6:1D,-69.6,-46.38709677,-80.5,1
5C:1D:D9:D3:04:30,-78.98814229,-53.8245614,-79.9375,1
6C:4D:73:3B:FC:2D,-77.8245614,-54.1595092,-75.44262295,1
9C:B2:B2:6D:06:91,-75.41176471,-50.66666667,-81.4,1
74:60:FA:9C:D6:1D,-69.84,-47,-80.5,1
5C:1D:D9:D3:04:30,-75.4375,-56.28125,-79.74712644,1
6C:4D:73:3B:FC:2D,-76.26262626,-54.30985915,-73.62311558,1
9C:B2:B2:6D:06:91,-77.55555556,-51.8125,-75.77777778,1
74:60:FA:9C:D6:1D,-70.85714286,0,-80.8,1
5C:1D:D9:D3:04:30,-75.49152542,-55.69105691,-80,1
6C:4D:73:3B:FC:2D,-74.1369863,-55.42857143,-75.44262295,1
9C:B2:B2:6D:06:91,-68.5,-54.90909091,-76,1
74:60:FA:9C:D6:1D,-68.60606061,-47.025,-77.97701149,1
5C:1D:D9:D3:04:30,-76.28346457,-56.37681159,-78.33898305,1
6C:4D:73:3B:FC:2D,-70.64516129,-55.21212121,-77.53846154,1
9C:B2:B2:6D:06:91,-78,-54.57142857,-83,1
74:60:FA:9C:D6:1D,-68.11869436,-49.06072874,-80.87782805,1
5C:1D:D9:D3:04:30,-73.53125,-57.74285714,-79.0952381,1
6C:4D:73:3B:FC:2D,-72.43076923,-53.14285714,-78.22222222,1
9C:B2:B2:6D:06:91,-77.472,-51.37931034,-79.63414634,1
74:60:FA:9C:D6:1D,-67.73584906,-50.94520548,-81.24203822,1
5C:1D:D9:D3:04:30,-78.85714286,0,0,1
6C:4D:73:3B:FC:2D,-75.09090909,-56.79166667,-79,1
9C:B2:B2:6D:06:91,-73.96969697,-50.97777778,-80.92307692,1
74:60:FA:9C:D6:1D,-67.90361446,-51.36842105,-76.70855148,1
6C:4D:73:3B:FC:2D,-77.49112426,-60.11678832,-76.09090909,1
9C:B2:B2:6D:06:91,-75.57894737,-52.13793103,-81.41666667,1
74:60:FA:9C:D6:1D,-68.02608696,-51.79245283,-77.29677419,1
6C:4D:73:3B:FC:2D,-75.95061728,-58.79646018,-79.4375,1
9C:B2:B2:6D:06:91,-73.8203125,-55.27093596,-75.13615023,1
74:60:FA:9C:D6:1D,-67.75555556,-51.49275362,-76.63309353,1
5C:1D:D9:D3:04:30,-68,0,0,1
6C:4D:73:3B:FC:2D,-75.59447005,-54.08695652,-80.68047337,1
9C:B2:B2:6D:06:91,-71.31775701,-52.22307692,-78.3373494,1
74:60:FA:9C:D6:1D,-71.33333333,-53.15254237,-78.08,1
6C:4D:73:3B:FC:2D,-73.91724138,-53.43103448,-78.37755102,1
9C:B2:B2:6D:06:91,-70.31858407,-51.89634146,-76.51219512,1
74:60:FA:9C:D6:1D,-71.0647482,-33.93710692,-76.02690583,1
5C:1D:D9:D3:04:30,-72,0,0,1
6C:4D:73:3B:FC:2D,-71.68292683,-47.6,-76.5,1
9C:B2:B2:6D:06:91,-65.26190476,-50.30810811,-72.18414322,1
74:60:FA:9C:D6:1D,-73.4,-45.83333333,-76.75,1
6C:4D:73:3B:FC:2D,-73.77777778,-50,-78.57142857,1
9C:B2:B2:6D:06:91,-67.12790698,-51.09142857,-71.79215686,1
74:60:FA:9C:D6:1D,-73.53424658,-34.58552632,-75.48108108,1
6C:4D:73:3B:FC:2D,-74,-49.38888889,-78.85714286,1
9C:B2:B2:6D:06:91,-77.44871795,-58.0751634,-79.72256098,1
74:60:FA:9C:D6:1D,-71.09259259,-30.42553191,-81.98076923,1
6C:4D:73:3B:FC:2D,-75.52,-53.34782609,-80.55384615,1
9C:B2:B2:6D:06:91,-77.38931298,-61.19512195,-80.51470588,1
74:60:FA:9C:D6:1D,-71.01234568,-34.35359116,-81.90849673,1
5C:1D:D9:D3:04:30,-75.25925926,-52.91666667,-79.60869565,1
6C:4D:73:3B:FC:2D,-74.65384615,-48.05479452,-82.22222222,1
9C:B2:B2:6D:06:91,-82.1875,-61.4092827,-83.73333333,1
5C:1D:D9:D3:04:30,-72.21311475,-56.18595041,-81.31746032,1
74:60:FA:9C:D6:1D,-71.52631579,-48.66666667,-81.57142857,1
6C:4D:73:3B:FC:2D,-73.48275862,-56.86956522,-74.83333333,1
9C:B2:B2:6D:06:91,-82.92957746,-60.18867925,-83.46196251,1
74:60:FA:9C:D6:1D,-70.33333333,-29.25,-82.28571429,1
5C:1D:D9:D3:04:30,-75.16666667,-56.34117647,-79.54285714,1
6C:4D:73:3B:FC:2D,-73.85365854,-54.29213483,-82.66666667,1
5C:1D:D9:D3:04:30,-69.75,-51.5049505,-74.38596491,1
9C:B2:B2:6D:06:91,-82.54,-61.75193798,-84.12464589,1
74:60:FA:9C:D6:1D,-65.78494624,-40.77419355,-72.79130435,1
6C:4D:73:3B:FC:2D,-72.7826087,-47.7027027,-84.69512195,1
9C:B2:B2:6D:06:91,-77.68571429,-57,-80.95652174,1
74:60:FA:9C:D6:1D,-64.99667774,-40.08258929,-74.7029549,1
5C:1D:D9:D3:04:30,-78.44444444,-49.2173913,-78,1
6C:4D:73:3B:FC:2D,-74,-51.71698113,-77.04347826,1
9C:B2:B2:6D:06:91,-78.61538462,-57.24503311,-83.13636364,1
74:60:FA:9C:D6:1D,-65.85185185,-45.18274112,-78.72874494,1
5C:1D:D9:D3:04:30,-72.25,-46.36363636,-68.66666667,1
6C:4D:73:3B:FC:2D,-71.71428571,-49.37777778,-78.35483871,1
9C:B2:B2:6D:06:91,-82,-58.76190476,-81.07692308,1
74:60:FA:9C:D6:1D,-67.38686131,-52.15418502,-78.01724138,1
5C:1D:D9:D3:04:30,-70.18181818,-44.62365591,-70.31372549,1
6C:4D:73:3B:FC:2D,-71.55555556,-54.14285714,-80.10810811,1
9C:B2:B2:6D:06:91,-82,-58.35714286,-83.14285714,1
74:60:FA:9C:D6:1D,-66.99646643,-49.20593692,-78.7509434,1
5C:1D:D9:D3:04:30,-66.7755102,-48,-75.60869565,1
6C:4D:73:3B:FC:2D,-73.26548673,-50.27513228,-76.23655914,1
9C:B2:B2:6D:06:91,-77.86206897,-62.30769231,-84.14285714,1
74:60:FA:9C:D6:1D,-67.02439024,-49.83333333,-78.50890585,1
5C:1D:D9:D3:04:30,-67.42857143,-56.02816901,-73.83333333,1
6C:4D:73:3B:FC:2D,-71.75609756,-51.24528302,-75.69230769,1
9C:B2:B2:6D:06:91,-76.4,-59.44444444,-78.75862069,1
74:60:FA:9C:D6:1D,-67.26126126,-50.49407115,-77.98431373,1
5C:1D:D9:D3:04:30,-74.25,-50.75,-76.04347826,1
6C:4D:73:3B:FC:2D,-68.46153846,-50.72727273,-77.28,1
5C:1D:D9:D3:04:30,-69.80645161,-49.46666667,-74,1
9C:B2:B2:6D:06:91,-75.78947368,-57.69620253,-81.38461538,1
74:60:FA:9C:D6:1D,-68.35087719,-48.83419689,-76.69491525,1
6C:4D:73:3B:FC:2D,-75.14285714,-49.16959064,-76.2,1
9C:B2:B2:6D:06:91,-76,-58.45454545,0,1
74:60:FA:9C:D6:1D,-67.74019608,-52.95867769,-75.14808044,1
5C:1D:D9:D3:04:30,-66.92857143,-57.80952381,-74,1
6C:4D:73:3B:FC:2D,-69.88235294,-55,-79.71428571,1
9C:B2:B2:6D:06:91,-80.4040404,-61.68181818,-80.33333333,1
74:60:FA:9C:D6:1D,-66.3908046,-52.43181818,-77.04347826,1
5C:1D:D9:D3:04:30,-67.16129032,-51.86666667,-72.36363636,1
6C:4D:73:3B:FC:2D,-72.6984127,-47.22222222,-78.5,1
9C:B2:B2:6D:06:91,-81.25373134,-60.26710098,-82.34543454,1
74:60:FA:9C:D6:1D,-68,-56,-74.85714286,1
5C:1D:D9:D3:04:30,-69.46153846,-54.07207207,-75.91666667,1
6C:4D:73:3B:FC:2D,-78,-49.1,-79.44444444,1
9C:B2:B2:6D:06:91,-79.88505747,-59.55607477,-82.07783418,1
74:60:FA:9C:D6:1D,-65.88235294,-45.6,-73.33333333,1
5C:1D:D9:D3:04:30,-71.4,-51.10526316,-79.33333333,1
6C:4D:73:3B:FC:2D,-73.92405063,-50.9044586,-77.34104046,1
9C:B2:B2:6D:06:91,-83.2920354,-58.87528345,-79.45454545,1
74:60:FA:9C:D6:1D,-66.90909091,-48.33333333,-74.4,1
5C:1D:D9:D3:04:30,-76.52631579,-51.45945946,-80.8,1
6C:4D:73:3B:FC:2D,-75,-46.42857143,-77.00456621,1
5C:1D:D9:D3:04:30,-75.33333333,-54.15384615,-84,1
9C:B2:B2:6D:06:91,-84.4137931,-53.60479042,-81.20265781,1
74:60:FA:9C:D6:1D,-65.7037037,-50,-74,1
6C:4D:73:3B:FC:2D,-75.09803922,-42.85714286,-80.48275862,1
9C:B2:B2:6D:06:91,-84.17112299,-53.23580034,-83.24105754,1
74:60:FA:9C:D6:1D,-66.57142857,-50,-75,1
5C:1D:D9:D3:04:30,-73.9,-57.51851852,-82.11111111,1
6C:4D:73:3B:FC:2D,-68.96875,-43.47008547,-80.76923077,1
9C:B2:B2:6D:06:91,-84.30894309,-54.18487395,-83.4211099,1
74:60:FA:9C:D6:1D,-66.71794872,-48.77464789,-75,1
5C:1D:D9:D3:04:30,-75.69230769,-56.51515152,-84,1
6C:4D:73:3B:FC:2D,-68.61111111,-51.03571429,-78.61538462,1
9C:B2:B2:6D:06:91,-83.89473684,-53.64285714,-86.63583815,1
74:60:FA:9C:D6:1D,-67.90604027,-51.02293578,-75.47601476,1
5C:1D:D9:D3:04:30,-74.22222222,-51.56923077,-86,1
6C:4D:73:3B:FC:2D,-74.68965517,-45.4974359,-77.71428571,1
5C:1D:D9:D3:04:30,-73.95555556,-52.36363636,-86,1
9C:B2:B2:6D:06:91,-83.98,-52.47555556,-81.7003367,1
74:60:FA:9C:D6:1D,-67.40594059,-50.72727273,-74,1
6C:4D:73:3B:FC:2D,-71.85321101,-47.18918919,-77.41714286,1
5C:1D:D9:D3:04:30,-74.53846154,-53.625,-80,1
9C:B2:B2:6D:06:91,-85.07692308,-53.62637363,-83.24914676,1
74:60:FA:9C:D6:1D,-67.64516129,-51,-74.4137931,1
6C:4D:73:3B:FC:2D,-69.42372881,-45.43455497,-78.59630607,1
9C:B2:B2:6D:06:91,-84.675,-54.09777778,-84,1
74:60:FA:9C:D6:1D,-65.68674699,-49.62601626,-74.93273543,1
5C:1D:D9:D3:04:30,-73.83333333,0,-78.5,1
6C:4D:73:3B:FC:2D,-72.09090909,-50.14492754,-80.76923077,1
9C:B2:B2:6D:06:91,-85.5483871,-53.78571429,-83.96363636,1
74:60:FA:9C:D6:1D,-66.4057971,-51.1875,-75.89787234,1
5C:1D:D9:D3:04:30,-74.09411765,-57.20888889,-82.45833333,1
6C:4D:73:3B:FC:2D,-72.8,-54.96428571,-80.48484848,1
9C:B2:B2:6D:06:91,-84.5,-54.95679012,-83.91489362,1
74:60:FA:9C:D6:1D,-66,-50,0,1
5C:1D:D9:D3:04:30,-73.45454545,-54.56842105,-84.66666667,1
6C:4D:73:3B:FC:2D,-76.62,-52.16033755,-79.08270677,1
9C:B2:B2:6D:06:91,-85.55555556,-54.48927039,-83.25373134,1
74:60:FA:9C:D6:1D,-65.66666667,-50,0,1
5C:1D:D9:D3:04:30,-78.7804878,-51.69620253,-79.12,1
6C:4D:73:3B:FC:2D,-77.14285714,-57.12121212,-80.85436893,1
9C:B2:B2:6D:06:91,0,-54,-84,1
74:60:FA:9C:D6:1D,-66,-50,-76,1
5C:1D:D9:D3:04:30,-81.46666667,-55.42028986,-78.14925373,1
6C:4D:73:3B:FC:2D,-78.95,-61.25454545,-80.06557377,1
9C:B2:B2:6D:06:91,-84.48275862,-54.83333333,-82.79245283,1
74:60:FA:9C:D6:1D,-67.33333333,-50.66666667,-74.90909091,1
5C:1D:D9:D3:04:30,-79.69230769,-54.66666667,-77.9047619,1
6C:4D:73:3B:FC:2D,-79.02857143,-57.81818182,-81.16666667,1
9C:B2:B2:6D:06:91,-83.72173913,-56.09550562,-83.88935282,1
74:60:FA:9C:D6:1D,-67.11111111,-58,-75,1
5C:1D:D9:D3:04:30,-79.23809524,-54.09090909,-78,1
6C:4D:73:3B:FC:2D,-75.86206897,-57.44444444,-78.73684211,1
9C:B2:B2:6D:06:91,-85.53333333,-56.17105263,-83.60356347,1
74:60:FA:9C:D6:1D,-68.23636364,-50,-74.47798742,1
5C:1D:D9:D3:04:30,-80.66666667,-55.31034483,0,1
6C:4D:73:3B:FC:2D,-71.96396396,-46.10404624,-84.01574803,1
9C:B2:B2:6D:06:91,-85.14285714,-56.23768116,-83.3133515,1
74:60:FA:9C:D6:1D,-66.37837838,-49.09558824,-74.55131965,1
5C:1D:D9:D3:04:30,-79.6,-54,-79.6,1
6C:4D:73:3B:FC:2D,-72.47058824,-44.60264901,-80.11009174,1
9C:B2:B2:6D:06:91,-82.75949367,-57.93333333,-82.37555887,1
74:60:FA:9C:D6:1D,-66.17283951,-48.02325581,-74.2962963,1
5C:1D:D9:D3:04:30,-79.09803922,-56.64197531,-77.33333333,1
6C:4D:73:3B:FC:2D,-73.41176471,-44.23809524,-79.60142349,1
9C:B2:B2:6D:06:91,-82.48387097,-54.36781609,-84.01315789,1
74:60:FA:9C:D6:1D,-67.57575758,-48.46445498,-74.10738255,1
5C:1D:D9:D3:04:30,-78.30188679,-54.24390244,-77.92982456,1
6C:4D:73:3B:FC:2D,-75.93548387,-44.18666667,-82.03157895,1
5C:1D:D9:D3:04:30,-81.39393939,-55.60846561,-77.89041096,1
9C:B2:B2:6D:06:91,-84.22222222,-57.64217252,-83.12280702,1
74:60:FA:9C:D6:1D,-66.69863014,-49.33333333,-75.57312253,1
6C:4D:73:3B:FC:2D,-78.59375,-55.66666667,-83.96938776,1
9C:B2:B2:6D:06:91,-84.76190476,-59.7483871,-82.71172962,1
74:60:FA:9C:D6:1D,-66,-48.58823529,-74.4,1
5C:1D:D9:D3:04:30,-82.45454545,-55.14285714,-77.63636364,1
6C:4D:73:3B:FC:2D,-72.17460317,-47.52380952,-83.8,1
9C:B2:B2:6D:06:91,-84.95744681,-62.08602151,-80.85714286,1
74:60:FA:9C:D6:1D,-65.81818182,-47.96190476,-73.952,1
5C:1D:D9:D3:04:30,-80.15625,-55.2,-76.56,1
6C:4D:73:3B:FC:2D,-69.80912863,-47.57869249,-79.26108374,1
5C:1D:D9:D3:04:30,-83,-55.6,-78,1
9C:B2:B2:6D:06:91,-82.58823529,-57.63636364,-82.03896104,1
74:60:FA:9C:D6:1D,-66.42857143,-48.10135135,-73,1
6C:4D:73:3B:FC:2D,-72.76855895,-49.98322851,-72.27184466,1
9C:B2:B2:6D:06:91,-83,-60.14285714,-82,1
74:60:FA:9C:D6:1D,-65.85074627,-48.01754386,-75.97026022,1
5C:1D:D9:D3:04:30,-76.73684211,-55.77777778,-78,1
6C:4D:73:3B:FC:2D,-68.14414414,-45.86909091,-74.7854251,1
9C:B2:B2:6D:06:91,-82.28571429,-58.4279476,-80.54662379,1
74:60:FA:9C:D6:1D,-64.66666667,-47.33333333,-76,1
5C:1D:D9:D3:04:30,-80,-57.05882353,-80,1
6C:4D:73:3B:FC:2D,-70.64044944,-51.65384615,-72.19928826,1
9C:B2:B2:6D:06:91,-83.23636364,-56.16,-81.91585761,1
74:60:FA:9C:D6:1D,-66.25,-48.85714286,-75.55555556,1
5C:1D:D9:D3:04:30,-80.73333333,-53.96590909,-81.92258065,1
6C:4D:73:3B:FC:2D,-81.40594059,-51.48543689,-77.8700361,1
9C:B2:B2:6D:06:91,-83.45945946,-57.69736842,-83.03543307,1
74:60:FA:9C:D6:1D,-65.2,-49,-74,1
5C:1D:D9:D3:04:30,-80,-54.64516129,-78.57142857,1
6C:4D:73:3B:FC:2D,-68.91428571,-43.12290503,-74.0304878,1
9C:B2:B2:6D:06:91,-84.93023256,-53.55555556,-81.89719626,1
74:60:FA:9C:D6:1D,-64.28571429,-49.11111111,-74,1
5C:1D:D9:D3:04:30,-79.48387097,-55.15789474,-77.42857143,1
6C:4D:73:3B:FC:2D,-73.65765766,-45.20754717,-78.31205674,1
9C:B2:B2:6D:06:91,-81.66666667,-58.54166667,-79.18248175,1
74:60:FA:9C:D6:1D,-64,-49.40740741,0,1
5C:1D:D9:D3:04:30,-78.15384615,-54.2,-78.10169492,1
6C:4D:73:3B:FC:2D,-74.22222222,-42.17120623,-81.4490566,1
9C:B2:B2:6D:06:91,-80,-55.38461538,-83.2,1
74:60:FA:9C:D6:1D,-64.52083333,-47.68852459,-75.74297189,1
5C:1D:D9:D3:04:30,-79.72727273,-55.3125,-78.75,1
6C:4D:73:3B:FC:2D,-71.96904025,-53.98773006,-82.20408163,1
9C:B2:B2:6D:06:91,-80.58823529,-55.92,-82.21052632,1
74:60:FA:9C:D6:1D,-64.66206897,-49.78723404,-74.86875,1
5C:1D:D9:D3:04:30,-79.18181818,-54.86363636,-77.25714286,1
6C:4D:73:3B:FC:2D,-71.30487805,-46.87116564,-79.9787234,1
9C:B2:B2:6D:06:91,-79.5,-57.38028169,-79.9378882,1
74:60:FA:9C:D6:1D,-66.21505376,-47.99452055,-75.28461538,1
5C:1D:D9:D3:04:30,-81,-54,-77.66666667,1
6C:4D:73:3B:FC:2D,-68.91620112,-44.0203666,-79.29707113,1
5C:1D:D9:D3:04:30,-79,-55.90697674,-79.4,1
9C:B2:B2:6D:06:91,-81.71428571,-61.64705882,-81.33333333,1
74:60:FA:9C:D6:1D,-66.42666667,-47.30463576,-74.3269962,1
6C:4D:73:3B:FC:2D,-68.8447205,-45.55857385,-81.552,1
9C:B2:B2:6D:06:91,-80,-56.92307692,0,1
74:60:FA:9C:D6:1D,-67.75,-47.38095238,-73.98657718,1
5C:1D:D9:D3:04:30,-77.83673469,-55.73684211,-78.08695652,1
6C:4D:73:3B:FC:2D,-77.97222222,-42.83018868,-81.83240223,1
9C:B2:B2:6D:06:91,-80.98947368,-56.72847682,-87.66666667,1
74:60:FA:9C:D6:1D,-67.68,-50.92857143,-74.71794872,1
5C:1D:D9:D3:04:30,-78.45454545,-59,-78.15384615,1
6C:4D:73:3B:FC:2D,-69.52631579,-45.8028169,-81.65591398,1
5C:1D:D9:D3:04:30,-76,-55.74358974,-77.58695652,1
9C:B2:B2:6D:06:91,-82.73684211,-60.1509434,-83.85714286,1
74:60:FA:9C:D6:1D,-67.0625,-49.06220096,-74.96418733,1
6C:4D:73:3B:FC:2D,-70.89361702,-46.50666667,-83.1409396,1
9C:B2:B2:6D:06:91,-80.17647059,-60.66666667,-83.03797468,1
74:60:FA:9C:D6:1D,-67.23529412,-48.84615385,-75,1
5C:1D:D9:D3:04:30,-74.72413793,-54.76190476,-78.19393939,1
6C:4D:73:3B:FC:2D,-73.45714286,-49.01477833,-81.95238095,1
5C:1D:D9:D3:04:30,-75.1559633,-55.50485437,-79.44705882,1
9C:B2:B2:6D:06:91,-82.3,-58.6,-82.72,1
74:60:FA:9C:D6:1D,-67.25,-47.5,-74,1
6C:4D:73:3B:FC:2D,-70.42105263,-42.84132841,-82.70588235,1
9C:B2:B2:6D:06:91,-81.08641975,-58.03846154,-82.03125,1
74:60:FA:9C:D6:1D,-68,-47,-74,1
5C:1D:D9:D3:04:30,-76.66666667,-56.66666667,-77,1
6C:4D:73:3B:FC:2D,-71.94444444,-45.94594595,-77.91666667,1
9C:B2:B2:6D:06:91,-81.97101449,-59.13907285,-82.74551971,1
74:60:FA:9C:D6:1D,-66.66666667,0,0,1
5C:1D:D9:D3:04:30,-77.8,-56.01459854,-76.78688525,1
6C:4D:73:3B:FC:2D,-73.31746032,-52.57435897,-79.76731302,1
9C:B2:B2:6D:06:91,-80.86363636,-60.51219512,-83.11764706,1
74:60:FA:9C:D6:1D,-65.06666667,-48,-75.5,1
5C:1D:D9:D3:04:30,-80,-54.13043478,-77.16723549,1
6C:4D:73:3B:FC:2D,-69.84827586,-37.16083916,-79.16491228,1
9C:B2:B2:6D:06:91,-81.15789474,-58.45833333,-83.96923077,1
74:60:FA:9C:D6:1D,-66,-47.6,-75.94382022,1
5C:1D:D9:D3:04:30,-78.54545455,-55.11111111,-78,1
6C:4D:73:3B:FC:2D,-72.03921569,-57.1257485,-80.45810056,1
9C:B2:B2:6D:06:91,-83.80952381,-58.38095238,-85,1
74:60:FA:9C:D6:1D,-66.0125,-47.48275862,-74.91008174,1
5C:1D:D9:D3:04:30,-78,-56.6,-78.41791045,1
6C:4D:73:3B:FC:2D,-68.23611111,-40.90441176,-85.15294118,1
9C:B2:B2:6D:06:91,-80.22222222,-59.33333333,-84,1
74:60:FA:9C:D6:1D,-66,-47.74468085,-75.1713555,1
5C:1D:D9:D3:04:30,-78,-53.47826087,-77.6,1
6C:4D:73:3B:FC:2D,-68.67368421,-46.85551331,-80.17716535,1
9C:B2:B2:6D:06:91,-80,-60.09756098,-84.09756098,1
74:60:FA:9C:D6:1D,-66.1625,-49.2371134,-74.62025316,1
5C:1D:D9:D3:04:30,-79,-53.72727273,-77.71428571,1
6C:4D:73:3B:FC:2D,-68.90196078,-43.95477387,-80.997921,1
9C:B2:B2:6D:06:91,-78.66666667,-61.14285714,-84,1
74:60:FA:9C:D6:1D,-66,-84,-74,1
5C:1D:D9:D3:04:30,-78.15789474,-55.97260274,-77.5625,1
6C:4D:73:3B:FC:2D,-74.1981982,-42.49604222,-83.34545455,1
9C:B2:B2:6D:06:91,-80.33333333,-57.14285714,-82.36363636,1
74:60:FA:9C:D6:1D,-64,-84,-74,1
5C:1D:D9:D3:04:30,-80.33333333,-58,-79.5,1
6C:4D:73:3B:FC:2D,-77.53472222,-52.03940887,-81.29432624,1
5C:1D:D9:D3:04:30,-82.4,-56.125,-82.57142857,1
9C:B2:B2:6D:06:91,-79,-54,-82,1
74:60:FA:9C:D6:1D,0,-49.33333333,-75.33333333,1
6C:4D:73:3B:FC:2D,-75.43165468,-49.51470588,-81.41791045,1
9C:B2:B2:6D:06:91,-80.92857143,-55.76190476,-84.4,1
74:60:FA:9C:D6:1D,-65.2,-49.23809524,-74.6,1
5C:1D:D9:D3:04:30,-77.2173913,-57.38095238,-78.12987013,1
6C:4D:73:3B:FC:2D,-75.7540107,-45.21448468,-81.24561404,1
9C:B2:B2:6D:06:91,-81.41666667,-56.5210728,-82.59701493,1
74:60:FA:9C:D6:1D,0,-48,-74.66666667,1
5C:1D:D9:D3:04:30,-79.2,-54.64705882,-78.45054945,1
6C:4D:73:3B:FC:2D,-73.11790393,-45.45626478,-82.82882883,1
9C:B2:B2:6D:06:91,-80.33333333,-59.75,-80.66666667,1
74:60:FA:9C:D6:1D,-65.75,-49.2,-74,1
5C:1D:D9:D3:04:30,-80.3,-58.16666667,-79.66666667,1
6C:4D:73:3B:FC:2D,-74.46153846,-60.88571429,-80,1
9C:B2:B2:6D:06:91,-82.3,-56.94117647,-80.83333333,1
74:60:FA:9C:D6:1D,-65.94219653,-50.94389439,-74.25678119,1
5C:1D:D9:D3:04:30,-79.83333333,-54.34146341,-79.85714286,1
6C:4D:73:3B:FC:2D,-74.13333333,-47.21311475,-78.78787879,1
9C:B2:B2:6D:06:91,-66.09090909,-35.96551724,-76.07792208,1
74:60:FA:9C:D6:1D,-66.2739726,-48.44578313,-76.82857143,1
5C:1D:D9:D3:04:30,-73.2,-47.75438596,-81.688,1
6C:4D:73:3B:FC:2D,-74.61538462,-53.43243243,-77.25384615,1
5C:1D:D9:D3:04:30,-65.01886792,-44.36153846,-78.57522124,1
9C:B2:B2:6D:06:91,-64.9929078,-45.35227273,-68.54878049,1
74:60:FA:9C:D6:1D,-72.01923077,-55.99462366,-68.34944238,1
6C:4D:73:3B:FC:2D,-81.33333333,-51.92783505,-74.37704918,1
5C:1D:D9:D3:04:30,-66,-51.375,-68.48739496,1
9C:B2:B2:6D:06:91,-66.58299595,-46.14420063,-69.0367893,1
74:60:FA:9C:D6:1D,-72.17142857,-62.63157895,-67.33333333,1
6C:4D:73:3B:FC:2D,-76.26206897,-49.95948435,-78.66930693,1
9C:B2:B2:6D:06:91,-66.66666667,-45.69230769,-72.4375,1
74:60:FA:9C:D6:1D,-72.62721893,-57.66101695,-69.81967213,1
5C:1D:D9:D3:04:30,-62.11111111,-38.31372549,-67.71428571,1
6C:4D:73:3B:FC:2D,-73.3307393,-48.52836879,-77.17001828,1
9C:B2:B2:6D:06:91,-63.33333333,-56.4,-67.33333333,1
74:60:FA:9C:D6:1D,-71,-58.57142857,-70,1
5C:1D:D9:D3:04:30,-69.92307692,-44.1,-63.41666667,1
6C:4D:73:3B:FC:2D,-69.42553191,-52.57373737,-77.04186047,1
9C:B2:B2:6D:06:91,-64.18181818,-38.28571429,-66,1
74:60:FA:9C:D6:1D,-70,-58.73684211,-70,1
5C:1D:D9:D3:04:30,-68.98591549,-44.26771654,-66.2629108,1
6C:4D:73:3B:FC:2D,-71.88,-52.90776699,-75.78552279,1
9C:B2:B2:6D:06:91,-65.89312977,-53.33333333,-67.10204082,1
74:60:FA:9C:D6:1D,-72.5,-57,-68.8,1
5C:1D:D9:D3:04:30,-72.76470588,-46.13919414,-69.12916667,1
6C:4D:73:3B:FC:2D,-72.53333333,-54.048583,-78.68013468,1
9C:B2:B2:6D:06:91,-65.8125,-48.73224044,-68.94382022,1
74:60:FA:9C:D6:1D,-72,-56,-66.66666667,1
5C:1D:D9:D3:04:30,-68.96078431,-45.50537634,-70.0057971,1
6C:4D:73:3B:FC:2D,-72.67132867,-58.03833866,-80.04444444,1
9C:B2:B2:6D:06:91,-64.9375,-56.24324324,-66.89171975,1
74:60:FA:9C:D6:1D,-73,-58,0,1
5C:1D:D9:D3:04:30,-70.29268293,-43.96347032,-69.43859649,1
6C:4D:73:3B:FC:2D,-72.90384615,-56.50549451,-78.6446281,1
9C:B2:B2:6D:06:91,-67.81395349,-39.88764045,-69.43421053,1
74:60:FA:9C:D6:1D,-73.67272727,-59.38,-69.40414508,1
5C:1D:D9:D3:04:30,-70.6,-43.81818182,-71.05555556,1
6C:4D:73:3B:FC:2D,-71.68085106,-53.15270936,-75.05205479,1
9C:B2:B2:6D:06:91,-65.09090909,-41.28,-68.25,1
74:60:FA:9C:D6:1D,-72.67857143,-61.62622951,-69.50985222,1
5C:1D:D9:D3:04:30,-72.03703704,-45.2,-71.17460317,1
6C:4D:73:3B:FC:2D,-78.88333333,-51.36492891,-76.83848797,1
9C:B2:B2:6D:06:91,-66.13333333,-42.67272727,-73.13402062,1
74:60:FA:9C:D6:1D,-72.78740157,-60.07017544,-69.92857143,1
5C:1D:D9:D3:04:30,-71.38461538,-44.14814815,-70.25974026,1
6C:4D:73:3B:FC:2D,-72.71794872,-55.69105691,-74.65777778,1
9C:B2:B2:6D:06:91,-66.21333333,-39.28755365,-71.11111111,1
74:60:FA:9C:D6:1D,-75,-58.5,-68,1
5C:1D:D9:D3:04:30,-69.74390244,-50.41237113,-69.13043478,1
6C:4D:73:3B:FC:2D,-76.46153846,-60.7804878,-77.4,1
9C:B2:B2:6D:06:91,-64.07317073,-44.7007874,-71.35504886,1
74:60:FA:9C:D6:1D,-76,0,0,1
5C:1D:D9:D3:04:30,-74,-50.43589744,-70.21428571,1
6C:4D:73:3B:FC:2D,-76.97887324,-55.90513834,-81.98058252,1
9C:B2:B2:6D:06:91,-65.24752475,-45.09278351,-70.51968504,1
74:60:FA:9C:D6:1D,-72,-59.33333333,-68.5,1
5C:1D:D9:D3:04:30,-71.9375,-50.1443299,-64,1
6C:4D:73:3B:FC:2D,-74.3960396,-55.9123506,-76.39111111,1
9C:B2:B2:6D:06:91,-63.78313253,-49.06521739,-69.35652174,1
74:60:FA:9C:D6:1D,-72.36363636,-54.42105263,-67.33333333,1
5C:1D:D9:D3:04:30,-73.53333333,-47.32738095,-72.87528345,1
6C:4D:73:3B:FC:2D,-72.44642857,-54.31836735,-76.76923077,1
9C:B2:B2:6D:06:91,-64.83116883,-41.36283186,-69.07272727,1
74:60:FA:9C:D6:1D,0,0,-68,1
5C:1D:D9:D3:04:30,-75.22222222,-50,-72,1
6C:4D:73:3B:FC:2D,-72.63414634,-51.86440678,-80.34090909,1
9C:B2:B2:6D:06:91,-64.10526316,-44.32,-69.78504673,1
74:60:FA:9C:D6:1D,-72.40277778,-57.13953488,-68.05970149,1
5C:1D:D9:D3:04:30,-76.5,-46.13207547,-72.08695652,1
6C:4D:73:3B:FC:2D,-74,-54.07142857,-81.86363636,1
9C:B2:B2:6D:06:91,-65.9375,-47.19170984,-69.97419355,1
74:60:FA:9C:D6:1D,-73.27272727,-54.85365854,-68.75661376,1
5C:1D:D9:D3:04:30,-72,-47.9047619,-71.69230769,1
6C:4D:73:3B:FC:2D,-70.82758621,-53.76923077,-80,1
9C:B2:B2:6D:06:91,-64.85714286,-62.10619469,-71.62573099,1
74:60:FA:9C:D6:1D,-73.12727273,-55.53703704,-69.87951807,1
5C:1D:D9:D3:04:30,-73.38983051,-49.80099502,-72.91363636,1
6C:4D:73:3B:FC:2D,-70.90322581,-55.46067416,-80,1
9C:B2:B2:6D:06:91,-65.87368421,-42.32283465,-72.60493827,1
74:60:FA:9C:D6:1D,-73.04494382,-56.58389262,-68.01320132,1
5C:1D:D9:D3:04:30,-73.78021978,-46.73684211,-72.47619048,1
6C:4D:73:3B:FC:2D,-74.85714286,-53.5,-70,1
5C:1D:D9:D3:04:30,-73.33333333,-49.26773455,-74.1025641,1
9C:B2:B2:6D:06:91,-63.79310345,-51.02564103,-67.42857143,1
74:60:FA:9C:D6:1D,-72.62135922,-56.3989899,-69.01382488,1
6C:4D:73:3B:FC:2D,-76.44444444,-50.56666667,-73.11111111,1
9C:B2:B2:6D:06:91,-64.48739496,-40.07272727,-69.83561644,1
74:60:FA:9C:D6:1D,-72.95454545,-55.94771242,-67.2392638,1
5C:1D:D9:D3:04:30,-73.66666667,-45.62616822,-73.66321244,1
6C:4D:73:3B:FC:2D,-71.76744186,-52.73170732,-78.62365591,1
9C:B2:B2:6D:06:91,-64.70588235,-47.44262295,-69.70526316,1
74:60:FA:9C:D6:1D,-73.66666667,-56.82352941,-70,1
5C:1D:D9:D3:04:30,-69.49019608,-47.02978723,-68.84931507,1
6C:4D:73:3B:FC:2D,-71.72173913,-51.94871795,-81.11363636,1
9C:B2:B2:6D:06:91,-65.09677419,-47.11450382,-69.46478873,1
74:60:FA:9C:D6:1D,0,-60,-72.28571429,1
5C:1D:D9:D3:04:30,-68.97297297,-46.28660436,-67.74297189,1
6C:4D:73:3B:FC:2D,-73.46153846,-55.18918919,-79.14285714,1
5C:1D:D9:D3:04:30,-73.56756757,-47.12820513,-68.3125,1
9C:B2:B2:6D:06:91,-74.53608247,-46.99669967,-73.3442623,1
74:60:FA:9C:D6:1D,0,-56.92307692,-70,1
6C:4D:73:3B:FC:2D,-72.81481481,-58,-80.7,1
74:60:FA:9C:D6:1D,-72.75,-61,-71.89473684,1
5C:1D:D9:D3:04:30,-68.50617284,-50.54320988,-72.03482046,1
6C:4D:73:3B:FC:2D,-73.25,-56.15068493,-79.12,1
74:60:FA:9C:D6:1D,-72.57142857,-63,-71.6,1
5C:1D:D9:D3:04:30,-69.17073171,-51.52879581,-78.73038516,1
6C:4D:73:3B:FC:2D,-71.6,-52.28093645,-81.35099338,1
5C:1D:D9:D3:04:30,-69.95918367,-44.5,-73.74193548,1
74:60:FA:9C:D6:1D,-73.33658537,-59.78640777,-71.69,1
6C:4D:73:3B:FC:2D,-76.24,-52.34604106,-78.91752577,1
74:60:FA:9C:D6:1D,-73.32934132,-57.70680628,-70.40571429,1
5C:1D:D9:D3:04:30,-67.71428571,-48.55555556,-73.06666667,1
6C:4D:73:3B:FC:2D,-74.43697479,-52.53439153,-75.46543779,1
74:60:FA:9C:D6:1D,-73.58208955,-60.28571429,-72.72727273,1
5C:1D:D9:D3:04:30,-69.46153846,-47.93548387,-78,1
6C:4D:73:3B:FC:2D,-73.60747664,-42.07361963,-76.18430034,1
74:60:FA:9C:D6:1D,-73.9375,-59.125,-69.79574468,1
5C:1D:D9:D3:04:30,-67,-46.37037037,-82,1
6C:4D:73:3B:FC:2D,-80.20689655,-51.50617284,-77.45695364,1
74:60:FA:9C:D6:1D,-74,-60.66666667,0,1
5C:1D:D9:D3:04:30,-67.5,-50,-86,1
6C:4D:73:3B:FC:2D,-76.31578947,-44.08411215,-77.30952381,1
74:60:FA:9C:D6:1D,-72.4,-58.66666667,-67,1
5C:1D:D9:D3:04:30,-68,-50.4,-85.71428571,1
6C:4D:73:3B:FC:2D,-71.97530864,-52.46666667,-77.73684211,1
74:60:FA:9C:D6:1D,-70,-58,-68.125,1
5C:1D:D9:D3:04:30,-65,-51.45454545,-84,1
6C:4D:73:3B:FC:2D,-72.97354497,-52.17948718,-79.18218623,1
74:60:FA:9C:D6:1D,0,-59.75,-72,1
5C:1D:D9:D3:04:30,-68.15384615,-50,-81.33333333,1
6C:4D:73:3B:FC:2D,-73.68205128,-51.34117647,-76.83127572,1
74:60:FA:9C:D6:1D,-71.33333333,-58.66666667,0,1
5C:1D:D9:D3:04:30,-67.8,-50.35164835,-82,1
6C:4D:73:3B:FC:2D,-73.10505837,-51.345,-82.42913386,1
5C:1D:D9:D3:04:30,-66.98666667,-49.83783784,-85.74468085,1
74:60:FA:9C:D6:1D,-74.125,-56,-67.5,1
6C:4D:73:3B:FC:2D,-73.1754386,-53.15915916,-82.17821782,1
74:60:FA:9C:D6:1D,-72.8,-57.33333333,-68,1
5C:1D:D9:D3:04:30,-67,-50.5,-85.72631579,1
6C:4D:73:3B:FC:2D,-76.43404255,-52.16489362,-79.23178808,1
74:60:FA:9C:D6:1D,-73.6,-56.66666667,-68,1
5C:1D:D9:D3:04:30,-67.64705882,-48.51376147,-84.16666667,1
6C:4D:73:3B:FC:2D,-73.5,-50.08,-77.2173913,1
74:60:FA:9C:D6:1D,-75.33333333,-58.94117647,-68,1
5C:1D:D9:D3:04:30,-71.08108108,-52.6539924,-83.93650794,1
6C:4D:73:3B:FC:2D,-78.10526316,-53.64705882,-68.72727273,1
5C:1D:D9:D3:04:30,-68.5,-54.2173913,-81.65363128,1
74:60:FA:9C:D6:1D,0,0,-78,1
6C:4D:73:3B:FC:2D,-78,-60,-66,1
5C:1D:D9:D3:04:30,-70,-56,0,1
6C:4D:73:3B:FC:2D,-78,-81,-53.5,2
5C:1D:D9:D3:04:30,0,-80,0,2
6C:4D:73:3B:FC:2D,0,-80,-50.22222222,2
74:60:FA:9C:D6:1D,0,0,-48.14285714,2
5C:1D:D9:D3:04:30,-85.33333333,-81,-51.39285714,2
6C:4D:73:3B:FC:2D,0,-85,-53.71428571,2
74:60:FA:9C:D6:1D,0,0,-59.78947368,2
5C:1D:D9:D3:04:30,0,-80,-46.38095238,2
6C:4D:73:3B:FC:2D,0,-74,-46.07692308,2
74:60:FA:9C:D6:1D,0,-80,-38.34782609,2
5C:1D:D9:D3:04:30,-84.57142857,-77.89189189,-42.54285714,2
6C:4D:73:3B:FC:2D,0,-81,-44.4,2
74:60:FA:9C:D6:1D,-81.33333333,0,-40.5,2
5C:1D:D9:D3:04:30,0,-78.28571429,-39.25925926,2
6C:4D:73:3B:FC:2D,-86,-81.5,-69.6,2
74:60:FA:9C:D6:1D,0,-78,-32,2
5C:1D:D9:D3:04:30,0,-78.18181818,-39.94594595,2
6C:4D:73:3B:FC:2D,0,-83.07692308,-50.05882353,2
74:60:FA:9C:D6:1D,0,0,-62,2
5C:1D:D9:D3:04:30,-88,0,-48.4,2
6C:4D:73:3B:FC:2D,0,-75.84615385,-48.09009009,2
74:60:FA:9C:D6:1D,-81,0,-51,2
5C:1D:D9:D3:04:30,0,-86,-40.11764706,2
6C:4D:73:3B:FC:2D,0,-74,-49,2
74:60:FA:9C:D6:1D,0,-76,-46,2
5C:1D:D9:D3:04:30,-86,-86,-38,2
6C:4D:73:3B:FC:2D,-86,-72,-50,2
5C:1D:D9:D3:04:30,-85,-85.14285714,-41.53333333,2
74:60:FA:9C:D6:1D,-81,-79.42857143,0,2
6C:4D:73:3B:FC:2D,0,-74.28571429,-50,2
74:60:FA:9C:D6:1D,0,0,-51,2
5C:1D:D9:D3:04:30,-86.4,-88,-42.84210526,2
6C:4D:73:3B:FC:2D,0,-74.72727273,-49,2
74:60:FA:9C:D6:1D,0,0,-53,2
5C:1D:D9:D3:04:30,-84.4,-86,-56.625,2
6C:4D:73:3B:FC:2D,0,-74,0,2
74:60:FA:9C:D6:1D,0,-66,-47,2
5C:1D:D9:D3:04:30,-82,0,-46,2
6C:4D:73:3B:FC:2D,-86,-74.61538462,0,2
5C:1D:D9:D3:04:30,-88,0,-47.12820513,2
6C:4D:73:3B:FC:2D,0,0,-48,2
74:60:FA:9C:D6:1D,0,0,-49.5,2
5C:1D:D9:D3:04:30,0,0,-47.33333333,2
6C:4D:73:3B:FC:2D,0,-76,-48,2
74:60:FA:9C:D6:1D,0,0,-53.33333333,2
5C:1D:D9:D3:04:30,0,0,-46,2
6C:4D:73:3B:FC:2D,0,-76,-47.92307692,2
74:60:FA:9C:D6:1D,-86,-69.4,0,2
5C:1D:D9:D3:04:30,0,0,-46.74285714,2
6C:4D:73:3B:FC:2D,-86,0,-47,2
5C:1D:D9:D3:04:30,-86,0,-45.25714286,2
74:60:FA:9C:D6:1D,-88,-68,0,2
6C:4D:73:3B:FC:2D,0,-74,-48,2
74:60:FA:9C:D6:1D,0,-68.66666667,-47.5,2
5C:1D:D9:D3:04:30,-86,-86,-45.84117647,2
6C:4D:73:3B:FC:2D,0,-74,-47.88235294,2
74:60:FA:9C:D6:1D,-82,-71.5,-49.33333333,2
5C:1D:D9:D3:04:30,-86,-86,-45.36037234,2
6C:4D:73:3B:FC:2D,0,-72.70588235,-48.47058824,2
74:60:FA:9C:D6:1D,0,-68,0,2
5C:1D:D9:D3:04:30,0,0,-45,2
6C:4D:73:3B:FC:2D,0,-74,-48,2
74:60:FA:9C:D6:1D,0,0,-50.4,2
5C:1D:D9:D3:04:30,-90,0,-45.65517241,2
6C:4D:73:3B:FC:2D,0,-74,-72,2
5C:1D:D9:D3:04:30,-84,0,-45.79310345,2
74:60:FA:9C:D6:1D,0,0,-48,2
6C:4D:73:3B:FC:2D,0,-73.71428571,-48.5,2
74:60:FA:9C:D6:1D,0,-69,-49.33333333,2
5C:1D:D9:D3:04:30,-88,0,-45.61111111,2
6C:4D:73:3B:FC:2D,0,-76,-48.25,2
74:60:FA:9C:D6:1D,0,-70.75,-51.75,2
5C:1D:D9:D3:04:30,0,0,-44.66666667,2
6C:4D:73:3B:FC:2D,-86,-74,-47.71428571,2
74:60:FA:9C:D6:1D,0,-72,-48,2
5C:1D:D9:D3:04:30,0,0,-46,2
6C:4D:73:3B:FC:2D,0,0,-46,2
74:60:FA:9C:D6:1D,0,0,-51.5,2
5C:1D:D9:D3:04:30,0,-85,-44.8,2
6C:4D:73:3B:FC:2D,0,-76.5,-49,2
74:60:FA:9C:D6:1D,-87,0,-52,2
5C:1D:D9:D3:04:30,0,0,-45.6,2
6C:4D:73:3B:FC:2D,-84,-73.14285714,-46.26086957,2
5C:1D:D9:D3:04:30,0,0,-46.07272727,2
6C:4D:73:3B:FC:2D,0,-76.33333333,-54.15384615,2
74:60:FA:9C:D6:1D,-86.8,0,-50,2
5C:1D:D9:D3:04:30,0,0,-46,2
6C:4D:73:3B:FC:2D,0,-85,-49.8,2
74:60:FA:9C:D6:1D,-90,0,-49.33333333,2
5C:1D:D9:D3:04:30,0,0,-47.33333333,2
6C:4D:73:3B:FC:2D,0,-86,-60.66666667,2
5C:1D:D9:D3:04:30,-88,-83.75,-46.76595745,2
74:60:FA:9C:D6:1D,-90,0,-46,2
5C:1D:D9:D3:04:30,-86,-85.6,-46.12903226,2
6C:4D:73:3B:FC:2D,0,-84,-66.8,2
5C:1D:D9:D3:04:30,0,-84.5,-46.46153846,2
74:60:FA:9C:D6:1D,0,-74,0,2
6C:4D:73:3B:FC:2D,0,0,-59,2
9C:B2:B2:6D:06:91,0,-78.66666667,-36.66666667,2
74:60:FA:9C:D6:1D,-84,0,-48,2
5C:1D:D9:D3:04:30,0,-85.33333333,0,2
6C:4D:73:3B:FC:2D,0,0,-60,2
9C:B2:B2:6D:06:91,0,-73.60902256,-46.74734607,2
74:60:FA:9C:D6:1D,0,0,-52,2
5C:1D:D9:D3:04:30,0,-86.66666667,-58.89106145,2
6C:4D:73:3B:FC:2D,0,-84.8,-53.4,2
9C:B2:B2:6D:06:91,-75,-71.93421053,-40.74271229,2
74:60:FA:9C:D6:1D,0,0,-54,2
5C:1D:D9:D3:04:30,-86,-86,-56.89361702,2
6C:4D:73:3B:FC:2D,0,-85.66666667,-54.10810811,2
9C:B2:B2:6D:06:91,0,-78,-42.80425532,2
5C:1D:D9:D3:04:30,0,0,-58.23622047,2
6C:4D:73:3B:FC:2D,0,-80.8,-54.66666667,2
74:60:FA:9C:D6:1D,0,-74,-48,2
5C:1D:D9:D3:04:30,0,0,-60.88888889,2
9C:B2:B2:6D:06:91,-78,-79.84,-42.05569206,2
6C:4D:73:3B:FC:2D,0,-81.33333333,-57.75,2
74:60:FA:9C:D6:1D,-87,0,-48,2
9C:B2:B2:6D:06:91,-78,-80,-41.95454545,2
6C:4D:73:3B:FC:2D,0,0,-51.55555556,2
9C:B2:B2:6D:06:91,0,-80,-42.41730769,2
74:60:FA:9C:D6:1D,0,-73,-51.2,2
5C:1D:D9:D3:04:30,0,-86,0,2
6C:4D:73:3B:FC:2D,0,-83.5,-52,2
9C:B2:B2:6D:06:91,-78,-80,-42.4032634,2
74:60:FA:9C:D6:1D,0,-72,0,2
6C:4D:73:3B:FC:2D,0,-82.5,-50,2
5C:1D:D9:D3:04:30,0,0,-51.33333333,2
9C:B2:B2:6D:06:91,0,-80,-43.46422629,2
6C:4D:73:3B:FC:2D,0,0,-50.85714286,2
9C:B2:B2:6D:06:91,0,-77.80952381,-42.83596838,2
74:60:FA:9C:D6:1D,0,-74,0,2
5C:1D:D9:D3:04:30,0,0,-56,2
6C:4D:73:3B:FC:2D,0,0,-51,2
9C:B2:B2:6D:06:91,0,-76.85714286,-43.05853256,2
5C:1D:D9:D3:04:30,0,-83,-57.14285714,2
6C:4D:73:3B:FC:2D,0,-88,-52,2
9C:B2:B2:6D:06:91,-83,-76,-43.25581395,2
74:60:FA:9C:D6:1D,0,0,-48,2
5C:1D:D9:D3:04:30,0,-84,0,2
6C:4D:73:3B:FC:2D,0,0,-54.8,2
9C:B2:B2:6D:06:91,0,-75.6,-34.89171975,2
74:60:FA:9C:D6:1D,0,-74,-53.6,2
5C:1D:D9:D3:04:30,0,-82,-58.4,2
6C:4D:73:3B:FC:2D,0,0,-54,2
5C:1D:D9:D3:04:30,0,0,-51.71428571,2
9C:B2:B2:6D:06:91,0,-77.42857143,-35.23076923,2
6C:4D:73:3B:FC:2D,0,-82,0,2
9C:B2:B2:6D:06:91,-84,0,-34,2
74:60:FA:9C:D6:1D,0,0,-46,2
5C:1D:D9:D3:04:30,0,0,-60,2
6C:4D:73:3B:FC:2D,0,-76,-44,2
74:60:FA:9C:D6:1D,-85.6,0,-52.4,2
6C:4D:73:3B:FC:2D,0,-80,0,2
74:60:FA:9C:D6:1D,0,0,-46,2
5C:1D:D9:D3:04:30,0,0,-54.85714286,2
6C:4D:73:3B:FC:2D,0,-78,-56,2
9C:B2:B2:6D:06:91,0,-76,-57.6,2
5C:1D:D9:D3:04:30,0,-84.25,-52.85714286,2
6C:4D:73:3B:FC:2D,0,-76,-51,2
5C:1D:D9:D3:04:30,-86,-89.9752322,-63.27334852,2
74:60:FA:9C:D6:1D,0,-79.33333333,-49.6,2
9C:B2:B2:6D:06:91,0,-74.83333333,-47,2
6C:4D:73:3B:FC:2D,0,0,-58,2
9C:B2:B2:6D:06:91,-82,-75.94827586,-44.64353312,2
5C:1D:D9:D3:04:30,0,0,-67.5,2
6C:4D:73:3B:FC:2D,0,-76,0,2
9C:B2:B2:6D:06:91,0,-75.75,-44.91922006,2
5C:1D:D9:D3:04:30,0,0,-59.5,2
6C:4D:73:3B:FC:2D,0,-78,-58.4,2
9C:B2:B2:6D:06:91,0,-70,-53.14285714,2
5C:1D:D9:D3:04:30,0,-84,-56,2
6C:4D:73:3B:FC:2D,0,-83.5,-53.33333333,2
9C:B2:B2:6D:06:91,-82,-70.33333333,-43.21428571,2
74:60:FA:9C:D6:1D,0,0,-46,2
6C:4D:73:3B:FC:2D,0,-85,-58.85714286,2
9C:B2:B2:6D:06:91,-82,-73.5,-39.6,2
5C:1D:D9:D3:04:30,0,-85.33333333,0,2
6C:4D:73:3B:FC:2D,0,0,-59.33333333,2
9C:B2:B2:6D:06:91,0,0,-43.71428571,2
74:60:FA:9C:D6:1D,0,0,-48,2
6C:4D:73:3B:FC:2D,0,0,-51.33333333,2
9C:B2:B2:6D:06:91,-84,-72,-41.45454545,2
74:60:FA:9C:D6:1D,0,0,-48,2
5C:1D:D9:D3:04:30,0,-86,0,2
6C:4D:73:3B:FC:2D,-84,-84,-58,2
9C:B2:B2:6D:06:91,-86,-77.01408451,-42.46608947,2
74:60:FA:9C:D6:1D,0,-70,-50.57142857,2
5C:1D:D9:D3:04:30,0,0,-61.11111111,2
6C:4D:73:3B:FC:2D,0,-84,-58,2
9C:B2:B2:6D:06:91,-86,-78,-41.12432432,2
74:60:FA:9C:D6:1D,0,0,-48.625,2
5C:1D:D9:D3:04:30,0,-85,0,2
6C:4D:73:3B:FC:2D,0,0,-54,2
74:60:FA:9C:D6:1D,0,0,-46.66666667,2
9C:B2:B2:6D:06:91,0,-76.4,-40.64516129,2
5C:1D:D9:D3:04:30,0,-86,0,2
6C:4D:73:3B:FC:2D,0,-86,-53.66666667,2
9C:B2:B2:6D:06:91,0,-72,-44.09090909,2
74:60:FA:9C:D6:1D,0,-72,0,2
5C:1D:D9:D3:04:30,0,0,-64.66666667,2
6C:4D:73:3B:FC:2D,0,-84,-52.33333333,2
74:60:FA:9C:D6:1D,-86,-74,-46,2
5C:1D:D9:D3:04:30,0,-86,0,2
6C:4D:73:3B:FC:2D,0,0,-52,2
74:60:FA:9C:D6:1D,0,0,-48,2
6C:4D:73:3B:FC:2D,0,-76.57142857,-54.5,2
9C:B2:B2:6D:06:91,0,-76,-54.125,2
74:60:FA:9C:D6:1D,0,0,-48,2
5C:1D:D9:D3:04:30,0,-86,0,2
6C:4D:73:3B:FC:2D,-84,-79,-56,2
9C:B2:B2:6D:06:91,0,-76.32432432,-49.89567809,2
5C:1D:D9:D3:04:30,0,-86,-58,2
6C:4D:73:3B:FC:2D,0,-78.66666667,-54,2
9C:B2:B2:6D:06:91,-84,-79.52697095,-53.01820546,2
74:60:FA:9C:D6:1D,0,0,-48,2
5C:1D:D9:D3:04:30,0,0,-62,2
6C:4D:73:3B:FC:2D,0,0,-54.33333333,2
74:60:FA:9C:D6:1D,0,-72,-44,2
9C:B2:B2:6D:06:91,0,-78.34693878,-53.37909836,2
6C:4D:73:3B:FC:2D,-84,-78,-56.68,2
9C:B2:B2:6D:06:91,-84,-74.4952381,-53.65951359,2
74:60:FA:9C:D6:1D,-86,-72,-48,2
5C:1D:D9:D3:04:30,0,0,-59.21546961,2
6C:4D:73:3B:FC:2D,-84,-78.16346154,-59.26760563,2
9C:B2:B2:6D:06:91,0,-76.43636364,-52.47592593,2
74:60:FA:9C:D6:1D,0,0,-46,2
5C:1D:D9:D3:04:30,0,-87.16666667,-59.13937282,2
6C:4D:73:3B:FC:2D,-84,-86,0,2
9C:B2:B2:6D:06:91,-84,-73.38235294,-50.97005988,2
5C:1D:D9:D3:04:30,-86,-85.41176471,-60.82460137,2
6C:4D:73:3B:FC:2D,-84,0,-58,2
9C:B2:B2:6D:06:91,0,-73.43873518,-51.26433121,2
74:60:FA:9C:D6:1D,0,0,-47.33333333,2
5C:1D:D9:D3:04:30,-86,-83.9862069,-64.74188999,2
6C:4D:73:3B:FC:2D,0,-86,-58,2
9C:B2:B2:6D:06:91,-84,-73,-50.6764977,2
74:60:FA:9C:D6:1D,-82,0,-49.6,2
5C:1D:D9:D3:04:30,0,-82,-63.81757508,2
6C:4D:73:3B:FC:2D,0,-86,-55.41666667,2
9C:B2:B2:6D:06:91,-84,-73.03448276,-52.19803747,2
74:60:FA:9C:D6:1D,0,0,-52,2
5C:1D:D9:D3:04:30,-86,-82.5,-64,2
6C:4D:73:3B:FC:2D,-84,-86,-54.26666667,2
9C:B2:B2:6D:06:91,0,-72.85714286,-53.3958539,2
5C:1D:D9:D3:04:30,0,-86,0,2
6C:4D:73:3B:FC:2D,-84,0,-52,2
74:60:FA:9C:D6:1D,0,0,-46,2
9C:B2:B2:6D:06:91,-84,-71.74137931,-53.60598897,2
5C:1D:D9:D3:04:30,0,0,-82,2
6C:4D:73:3B:FC:2D,-84,-85.9375,-50,2
9C:B2:B2:6D:06:91,0,-73.03636364,-53.54126474,2
74:60:FA:9C:D6:1D,0,0,-44,2
5C:1D:D9:D3:04:30,0,0,-82,2
6C:4D:73:3B:FC:2D,-84,0,-51.71428571,2
9C:B2:B2:6D:06:91,-84,-74.47826087,-53.3654485,2
9C:B2:B2:6D:06:91,0,-73.95652174,-53.54267815,2
74:60:FA:9C:D6:1D,-84,-81,-48,2
5C:1D:D9:D3:04:30,0,0,-60,2
6C:4D:73:3B:FC:2D,0,-84,-56,2
9C:B2:B2:6D:06:91,-84,-73.33333333,-53.57902511,2
74:60:FA:9C:D6:1D,-84,-82,0,2
9C:B2:B2:6D:06:91,-84,-74.0326087,-52.96062992,2
74:60:FA:9C:D6:1D,0,-78,-46,2
6C:4D:73:3B:FC:2D,-84,-84,-55.45454545,2
9C:B2:B2:6D:06:91,0,-77.73584906,-51.68791209,2
74:60:FA:9C:D6:1D,0,0,-49.33333333,2
5C:1D:D9:D3:04:30,0,-86,0,2
6C:4D:73:3B:FC:2D,-84,-84,-51.32283465,2
9C:B2:B2:6D:06:91,0,-72.04958678,-52.69230769,2
74:60:FA:9C:D6:1D,0,-78,-50.4,2
5C:1D:D9:D3:04:30,0,0,-59.4,2
6C:4D:73:3B:FC:2D,-84,-84,0,2
9C:B2:B2:6D:06:91,0,-70.94,-52.30769231,2
74:60:FA:9C:D6:1D,0,0,-47.33333333,2
5C:1D:D9:D3:04:30,0,0,-59.27272727,2
6C:4D:73:3B:FC:2D,-84,0,0,2
9C:B2:B2:6D:06:91,-84,-72.54545455,-52.78331822,2
74:60:FA:9C:D6:1D,-86,0,0,2
5C:1D:D9:D3:04:30,0,0,-58,2
6C:4D:73:3B:FC:2D,-84,0,-50,2
9C:B2:B2:6D:06:91,0,-74.26666667,-53.96324655,2
74:60:FA:9C:D6:1D,0,0,-47,2
6C:4D:73:3B:FC:2D,0,0,-56,2
9C:B2:B2:6D:06:91,0,-71.96825397,-52.34974533,2
74:60:FA:9C:D6:1D,0,-82.5,0,2
6C:4D:73:3B:FC:2D,0,-84.5,-70.85714286,2
74:60:FA:9C:D6:1D,0,0,-49.33333333,2
5C:1D:D9:D3:04:30,-86,0,-62,2
9C:B2:B2:6D:06:91,0,-71.65714286,-53.0011325,2
6C:4D:73:3B:FC:2D,-84,0,-76,2
5C:1D:D9:D3:04:30,-86,-86,-60.8712522,2
9C:B2:B2:6D:06:91,0,-72.52380952,-52.99082569,2
6C:4D:73:3B:FC:2D,0,0,-56,2
74:60:FA:9C:D6:1D,0,0,-50,2
9C:B2:B2:6D:06:91,0,-74,-53.60297767,2
5C:1D:D9:D3:04:30,-86,-80.92307692,-61.79361179,2
6C:4D:73:3B:FC:2D,0,-80,-52.8,2
9C:B2:B2:6D:06:91,0,-71.39130435,-53.43113772,2
74:60:FA:9C:D6:1D,0,0,-48,2
5C:1D:D9:D3:04:30,0,0,-62,2
6C:4D:73:3B:FC:2D,0,0,-54,2
9C:B2:B2:6D:06:91,0,-72.86666667,-51.98274002,2
74:60:FA:9C:D6:1D,-88,0,0,2
5C:1D:D9:D3:04:30,0,0,-58,2
6C:4D:73:3B:FC:2D,0,-86,-53.6,2
9C:B2:B2:6D:06:91,0,-75.2,-52.78561549,2
74:60:FA:9C:D6:1D,0,-79.33333333,-50,2
6C:4D:73:3B:FC:2D,0,0,-53,2
9C:B2:B2:6D:06:91,0,-73.95415473,-52.66517857,2
74:60:FA:9C:D6:1D,-86,-82,-50.5,2
6C:4D:73:3B:FC:2D,-90,-78.85714286,-50.20689655,2
9C:B2:B2:6D:06:91,0,-75.39130435,-51.2051756,2
74:60:FA:9C:D6:1D,0,0,-55,2
6C:4D:73:3B:FC:2D,-90,-80,-44,2
9C:B2:B2:6D:06:91,0,-72.2962963,-51.78635779,2
74:60:FA:9C:D6:1D,0,-84,-48,2
5C:1D:D9:D3:04:30,0,0,-59,2
6C:4D:73:3B:FC:2D,0,0,-44,2
9C:B2:B2:6D:06:91,0,-71.52941176,-51.61527967,2
74:60:FA:9C:D6:1D,-86,-80,-46,2
9C:B2:B2:6D:06:91,-82.66666667,-78,-61.00819672,2
6C:4D:73:3B:FC:2D,0,-80,-48.46153846,2
9C:B2:B2:6D:06:91,0,0,-57.168,2
5C:1D:D9:D3:04:30,0,0,-59.23076923,2
6C:4D:73:3B:FC:2D,0,-86,-49,2
9C:B2:B2:6D:06:91,0,0,-57.3373494,2
5C:1D:D9:D3:04:30,0,0,-58,2
6C:4D:73:3B:FC:2D,0,0,-51,2
9C:B2:B2:6D:06:91,0,-80,-57.25825243,2
74:60:FA:9C:D6:1D,0,-78,0,2
5C:1D:D9:D3:04:30,0,0,-56,2
9C:B2:B2:6D:06:91,-82,-78.4,-56.38914027,2
74:60:FA:9C:D6:1D,-83.5,-80,-48.8,2
5C:1D:D9:D3:04:30,0,0,-56,2
6C:4D:73:3B:FC:2D,-90,0,0,2
9C:B2:B2:6D:06:91,0,-77.33333333,-55.15981735,2
74:60:FA:9C:D6:1D,0,-79.2,-52,2
6C:4D:73:3B:FC:2D,0,0,-57.5,2
9C:B2:B2:6D:06:91,0,-79.2,-55.42618849,2
5C:1D:D9:D3:04:30,0,0,-56,2
6C:4D:73:3B:FC:2D,-90,0,-55,2
9C:B2:B2:6D:06:91,0,-79.75,-53.84810127,2
74:60:FA:9C:D6:1D,0,-78.76923077,-58,2
5C:1D:D9:D3:04:30,0,-80,-58.3652968,2
6C:4D:73:3B:FC:2D,0,-86,0,2
9C:B2:B2:6D:06:91,0,-80.71641791,-56.93473684,2
74:60:FA:9C:D6:1D,0,0,-50,2
5C:1D:D9:D3:04:30,0,-82.21052632,-59.22653317,2
6C:4D:73:3B:FC:2D,0,-86,-60,2
9C:B2:B2:6D:06:91,0,-80,-55.13829787,2
74:60:FA:9C:D6:1D,0,0,-52,2
5C:1D:D9:D3:04:30,0,-88,-57.25,2
6C:4D:73:3B:FC:2D,0,0,-58,2
9C:B2:B2:6D:06:91,-82,-80,-56.08492201,2
74:60:FA:9C:D6:1D,0,-82,-56,2
6C:4D:73:3B:FC:2D,0,-86,-58,2
9C:B2:B2:6D:06:91,0,-80,-55.81132075,2
6C:4D:73:3B:FC:2D,0,-86,-46.18181818,2
9C:B2:B2:6D:06:91,-82,-74.75,-50.5,2
74:60:FA:9C:D6:1D,0,-79.5,-56,2
6C:4D:73:3B:FC:2D,0,0,-48.28571429,2
74:60:FA:9C:D6:1D,0,0,-50.5,2
5C:1D:D9:D3:04:30,0,0,-60,2
9C:B2:B2:6D:06:91,0,-75.2,-55.66666667,2
6C:4D:73:3B:FC:2D,0,0,-49.33333333,2
74:60:FA:9C:D6:1D,-84,0,0,2
9C:B2:B2:6D:06:91,-83.5,0,-55,2
6C:4D:73:3B:FC:2D,0,-80,-48.66666667,2
9C:B2:B2:6D:06:91,0,-79.38888889,-57.77173913,2
74:60:FA:9C:D6:1D,-86,0,-49,2
5C:1D:D9:D3:04:30,0,0,-71,2
6C:4D:73:3B:FC:2D,0,0,-54.57142857,2
9C:B2:B2:6D:06:91,0,-81.26984127,-55.77234043,2
74:60:FA:9C:D6:1D,0,-84,-52,2
5C:1D:D9:D3:04:30,0,0,-55.5,2
6C:4D:73:3B:FC:2D,0,0,-55.27272727,2
9C:B2:B2:6D:06:91,0,-86,-53.10574018,2
74:60:FA:9C:D6:1D,-86,-84,-56.42857143,2
5C:1D:D9:D3:04:30,0,0,-56,2
6C:4D:73:3B:FC:2D,0,-82.33333333,-72,2
9C:B2:B2:6D:06:91,-84,0,-52.73602081,2
74:60:FA:9C:D6:1D,0,-80,-61.11111111,2
5C:1D:D9:D3:04:30,0,-86.28571429,-61,2
6C:4D:73:3B:FC:2D,-88,-81.2,-52,2
5C:1D:D9:D3:04:30,0,0,-54,2
9C:B2:B2:6D:06:91,0,-86,-50.53665284,2
6C:4D:73:3B:FC:2D,0,-86,-54,2
74:60:FA:9C:D6:1D,0,-76.66666667,0,2
9C:B2:B2:6D:06:91,0,-80,-51.18226601,2
6C:4D:73:3B:FC:2D,0,-86,-56,2
9C:B2:B2:6D:06:91,-83.8,0,-49.66666667,2
74:60:FA:9C:D6:1D,0,0,-64,2
5C:1D:D9:D3:04:30,0,0,-58,2
6C:4D:73:3B:FC:2D,0,0,-61,2
9C:B2:B2:6D:06:91,-86,-79.375,-52.45454545,2
74:60:FA:9C:D6:1D,0,0,-52,2
6C:4D:73:3B:FC:2D,-88,-86,-63,2
9C:B2:B2:6D:06:91,0,-79.33333333,-51.90518519,2
74:60:FA:9C:D6:1D,0,-78,-64.67955801,2
6C:4D:73:3B:FC:2D,0,0,-56,2
74:60:FA:9C:D6:1D,0,0,-64.32673267,2
5C:1D:D9:D3:04:30,0,-88,-57.51236749,2
9C:B2:B2:6D:06:91,-84,-79.975,-50.175,2
9C:B2:B2:6D:06:91,-84,-78.8,-51.70157068,2
74:60:FA:9C:D6:1D,0,-79.33333333,-60.54676259,2
5C:1D:D9:D3:04:30,0,0,-58.37640449,2
9C:B2:B2:6D:06:91,0,-80,-52.10280374,2
74:60:FA:9C:D6:1D,-82,-80.5,-57.5,2
6C:4D:73:3B:FC:2D,0,0,-54.33333333,2
9C:B2:B2:6D:06:91,0,-82,-63.40153453,2
74:60:FA:9C:D6:1D,0,0,-53,2
5C:1D:D9:D3:04:30,0,0,-61.5,2
6C:4D:73:3B:FC:2D,0,0,-48.4,2
9C:B2:B2:6D:06:91,0,-72.25,-54.24376731,2
74:60:FA:9C:D6:1D,0,0,-54,2
6C:4D:73:3B:FC:2D,0,0,-53,2
9C:B2:B2:6D:06:91,0,-68.2300885,-58.19381443,2
74:60:FA:9C:D6:1D,0,0,-52,2
9C:B2:B2:6D:06:91,0,-76.67692308,-59.6547619,2
74:60:FA:9C:D6:1D,0,-79.66666667,0,2
6C:4D:73:3B:FC:2D,-88,0,-48,2
9C:B2:B2:6D:06:91,0,-75.25,-58.19217082,2
74:60:FA:9C:D6:1D,0,-78.5,-56.63888889,2
5C:1D:D9:D3:04:30,0,-88,-31.53846154,2
9C:B2:B2:6D:06:91,0,-74.34285714,-60.97640653,2
74:60:FA:9C:D6:1D,0,0,-52,2
5C:1D:D9:D3:04:30,0,0,-76,2
6C:4D:73:3B:FC:2D,0,0,-46,2
9C:B2:B2:6D:06:91,0,-74.62745098,-56.82435597,2
74:60:FA:9C:D6:1D,0,-82,0,2
5C:1D:D9:D3:04:30,0,0,-29.2,2
9C:B2:B2:6D:06:91,0,-71.2972973,-55.77816291,2
6C:4D:73:3B:FC:2D,0,-78,-52.57142857,2
5C:1D:D9:D3:04:30,0,0,-29.71428571,2
6C:4D:73:3B:FC:2D,0,-84,-46.66666667,2
9C:B2:B2:6D:06:91,0,-72.5,-57.56608479,2
74:60:FA:9C:D6:1D,-80,-79.6,-44,2
6C:4D:73:3B:FC:2D,0,-78,-44,2
74:60:FA:9C:D6:1D,0,-74,-47.5,2
9C:B2:B2:6D:06:91,0,-72.78571429,-57.11380145,2
6C:4D:73:3B:FC:2D,0,0,-57.6,2
9C:B2:B2:6D:06:91,0,-76.4,-55.11048951,2
5C:1D:D9:D3:04:30,0,-82,-83,2
6C:4D:73:3B:FC:2D,0,0,-46,2
9C:B2:B2:6D:06:91,0,-71.5862069,-57.18367347,2
74:60:FA:9C:D6:1D,0,-75.4,-52.14285714,2
5C:1D:D9:D3:04:30,0,0,-51.25,2
9C:B2:B2:6D:06:91,0,-67.375,-58.47682119,2
74:60:FA:9C:D6:1D,0,0,-54,2
5C:1D:D9:D3:04:30,0,0,-49.63636364,2
6C:4D:73:3B:FC:2D,0,-79,-53,2
9C:B2:B2:6D:06:91,0,-76,-62.82352941,2
74:60:FA:9C:D6:1D,0,-76,0,2
5C:1D:D9:D3:04:30,0,0,-30,2
6C:4D:73:3B:FC:2D,0,0,-54,2
9C:B2:B2:6D:06:91,0,-74.8,-61.4248927,2
74:60:FA:9C:D6:1D,-80,-76,-51.22137405,2
74:60:FA:9C:D6:1D,-53.33333333,0,-66,2
9C:B2:B2:6D:06:91,-53.15083799,-68.69333333,-79.24590164,2
74:60:FA:9C:D6:1D,-56,-61.80952381,-66.61538462,2
9C:B2:B2:6D:06:91,-51.50980392,-63.69285714,-80.26373626,3
74:60:FA:9C:D6:1D,-50,-68.66666667,-84,3
6C:4D:73:3B:FC:2D,-63.14893617,-77.64516129,-85.63265306,3
5C:1D:D9:D3:04:30,-48.31578947,-68.19047619,-79,3
9C:B2:B2:6D:06:91,-50.55102041,-65.43859649,-82.56923077,3
74:60:FA:9C:D6:1D,-48.85714286,-62.84210526,0,3
6C:4D:73:3B:FC:2D,-63.5,-73.15068493,-86,3
5C:1D:D9:D3:04:30,-43,-64.27272727,0,3
9C:B2:B2:6D:06:91,-50.94117647,-64.42798354,-78.8974359,3
74:60:FA:9C:D6:1D,0,-74,-84,3
6C:4D:73:3B:FC:2D,-68.46153846,-71.93333333,-86,3
5C:1D:D9:D3:04:30,-53.18181818,-72.28571429,-87.7037037,3
9C:B2:B2:6D:06:91,-53.09375,-64.23423423,-81.41538462,3
74:60:FA:9C:D6:1D,-51,-64,-85,3
6C:4D:73:3B:FC:2D,-64.36363636,-72.26666667,-83.66666667,3
5C:1D:D9:D3:04:30,-54.16666667,-69.06666667,-84,3
9C:B2:B2:6D:06:91,-54.5,-72.55652174,-82.57142857,3
74:60:FA:9C:D6:1D,-52,-70.09090909,-86,3
6C:4D:73:3B:FC:2D,-62.95652174,-78.06896552,-82.5,3
5C:1D:D9:D3:04:30,-49.77777778,-71.85714286,0,3
9C:B2:B2:6D:06:91,-57,-68.08979592,-79.52529183,3
74:60:FA:9C:D6:1D,-56.22222222,-66,-84.28571429,3
6C:4D:73:3B:FC:2D,-60.05128205,-76.81818182,-81.59459459,3
5C:1D:D9:D3:04:30,-51.96721311,-69.41176471,-84.26666667,3
9C:B2:B2:6D:06:91,-56.91588785,-66.3030303,-80.10552764,3
74:60:FA:9C:D6:1D,-58.71428571,-60.57142857,0,3
6C:4D:73:3B:FC:2D,-58.93333333,-74.85294118,-86,3
5C:1D:D9:D3:04:30,-55.79844961,-70.01005025,-86.06153846,3
9C:B2:B2:6D:06:91,-57.07142857,-64.61313869,-82.30252101,3
74:60:FA:9C:D6:1D,-52,-62,-83.5,3
6C:4D:73:3B:FC:2D,-56.21590909,-72.35820896,-86,3
5C:1D:D9:D3:04:30,-51.66153846,-70.78688525,-86,3
9C:B2:B2:6D:06:91,-56,-66.35294118,-80,3
74:60:FA:9C:D6:1D,-55.25,-62,-84,3
6C:4D:73:3B:FC:2D,-59.30685921,-73.06060606,-86,3
5C:1D:D9:D3:04:30,-50,-68,-86,3
9C:B2:B2:6D:06:91,-55.45454545,-65.63636364,-81.25,3
74:60:FA:9C:D6:1D,-56,-66,-82,3
6C:4D:73:3B:FC:2D,-64.11764706,-72.49122807,-86,3
5C:1D:D9:D3:04:30,-50.59090909,-64.59813084,-86,3
9C:B2:B2:6D:06:91,-56.8,-63.71428571,-84.66666667,3
74:60:FA:9C:D6:1D,-57.2,-63.2,-84,3
6C:4D:73:3B:FC:2D,-63.24324324,-73.37037037,-85,3
9C:B2:B2:6D:06:91,-54.33333333,-64.125,-83,3
74:60:FA:9C:D6:1D,-57.4,-63.28571429,-85.61904762,3
5C:1D:D9:D3:04:30,-54.87686567,-71.31932773,-85.69811321,3
6C:4D:73:3B:FC:2D,-62.42553191,-73.09090909,0,3
5C:1D:D9:D3:04:30,-53.21666667,-72.96,-84,3
9C:B2:B2:6D:06:91,-54.13333333,-67.5,-83.5,3
74:60:FA:9C:D6:1D,-54,-62.85714286,-84,3
6C:4D:73:3B:FC:2D,-64.57142857,-73.54545455,-89,3
5C:1D:D9:D3:04:30,-60.10526316,-75.39534884,-84,3
9C:B2:B2:6D:06:91,-58.03846154,-68.06060606,-81.10447761,3
74:60:FA:9C:D6:1D,-58,-61.9047619,-84.66666667,3
6C:4D:73:3B:FC:2D,-64.66666667,-72.84210526,-85,3
5C:1D:D9:D3:04:30,-54.94936709,-73.97701149,0,3
9C:B2:B2:6D:06:91,-56.86956522,-68.97142857,-80.2739726,3
74:60:FA:9C:D6:1D,-56.25,-62.33333333,-84,3
6C:4D:73:3B:FC:2D,-59.55172414,-71.51898734,0,3
5C:1D:D9:D3:04:30,-55.37142857,-77.11392405,0,3
9C:B2:B2:6D:06:91,-56.11627907,-64.4664723,-79.96825397,3
74:60:FA:9C:D6:1D,0,-63,-84,3
6C:4D:73:3B:FC:2D,-58.39215686,-71,0,3
5C:1D:D9:D3:04:30,-54.08108108,-74.50314465,0,3
9C:B2:B2:6D:06:91,-54.66666667,-65.70347003,-79.44773176,3
74:60:FA:9C:D6:1D,-56,0,-82,3
6C:4D:73:3B:FC:2D,-59.65482234,-70.94339623,0,3
5C:1D:D9:D3:04:30,-50.92682927,-72.61682243,-84,3
9C:B2:B2:6D:06:91,-57.19047619,-66.68852459,-82.57301294,3
74:60:FA:9C:D6:1D,0,-60,0,3
6C:4D:73:3B:FC:2D,-62.70722433,-75.425,-84,3
5C:1D:D9:D3:04:30,-49.9245283,-73.52380952,0,3
9C:B2:B2:6D:06:91,-56.26086957,-65.71727749,-80.05504587,3
74:60:FA:9C:D6:1D,0,0,-85.33333333,3
6C:4D:73:3B:FC:2D,-60.30769231,-72.49142857,0,3
9C:B2:B2:6D:06:91,-55.16981132,-67.14285714,-77.81132075,3
74:60:FA:9C:D6:1D,0,-60,0,3
5C:1D:D9:D3:04:30,-50.40816327,-70.80794702,0,3
6C:4D:73:3B:FC:2D,-61.59090909,-74.87179487,0,3
9C:B2:B2:6D:06:91,-57.30769231,-69.55555556,-83.27388535,3
74:60:FA:9C:D6:1D,-52,-60,-90,3
5C:1D:D9:D3:04:30,-48.11702128,-70.82352941,0,3
6C:4D:73:3B:FC:2D,-58.31858407,-68.47272727,-82,3
5C:1D:D9:D3:04:30,-48.22727273,-69.94520548,0,3
9C:B2:B2:6D:06:91,-56.82539683,-68.95964126,-82.64516129,3
74:60:FA:9C:D6:1D,0,-65.77777778,0,3
6C:4D:73:3B:FC:2D,-58.15238095,-72.65217391,0,3
9C:B2:B2:6D:06:91,-53.67272727,-70.37719298,-81.85446985,3
74:60:FA:9C:D6:1D,-53.66666667,0,0,3
5C:1D:D9:D3:04:30,-42.48,-63.725,0,3
6C:4D:73:3B:FC:2D,-58.67567568,-70.04975124,0,3
5C:1D:D9:D3:04:30,-38.95522388,-61.01408451,0,3
9C:B2:B2:6D:06:91,-55.17829457,-68.65068493,-81.52036199,3
74:60:FA:9C:D6:1D,-54,0,-85.77777778,3
6C:4D:73:3B:FC:2D,-63.7,-76,0,3
9C:B2:B2:6D:06:91,-54.15625,-64.88333333,-79.28440367,3
74:60:FA:9C:D6:1D,-51.2,0,0,3
5C:1D:D9:D3:04:30,-37.56862745,-62.21774194,0,3
6C:4D:73:3B:FC:2D,-60.46153846,-71.57142857,0,3
9C:B2:B2:6D:06:91,-52.98765432,-66.65432099,-78.27807487,3
74:60:FA:9C:D6:1D,0,-60.36363636,-86.88235294,3
5C:1D:D9:D3:04:30,-39.55339806,-62.976,0,3
6C:4D:73:3B:FC:2D,-62.16666667,-69.46153846,0,3
74:60:FA:9C:D6:1D,0,-60.8,0,3
9C:B2:B2:6D:06:91,-55.35483871,-67.61643836,-82.28235294,3
5C:1D:D9:D3:04:30,-39.99061033,-62.52173913,0,3
6C:4D:73:3B:FC:2D,-64.2,-72.54545455,0,3
9C:B2:B2:6D:06:91,-56,-67.7979798,-79.63414634,3
74:60:FA:9C:D6:1D,0,-61,0,3
5C:1D:D9:D3:04:30,-37.09129512,-61.09824561,0,3
6C:4D:73:3B:FC:2D,-64.26440678,-74.0106383,-82,3
9C:B2:B2:6D:06:91,-54.47826087,-65.46987952,-80.52567976,3
74:60:FA:9C:D6:1D,-51.5,-63.9,0,3
5C:1D:D9:D3:04:30,-50.84593838,-62.6754386,0,3
6C:4D:73:3B:FC:2D,-63.69458128,-72.55172414,0,3
74:60:FA:9C:D6:1D,-50,-61,0,3
9C:B2:B2:6D:06:91,-58.63235294,-65.72727273,-81.56097561,3
5C:1D:D9:D3:04:30,-51.60465116,-65.09615385,0,3
6C:4D:73:3B:FC:2D,-61.90163934,-74.925,0,3
9C:B2:B2:6D:06:91,-56.47619048,-64.2244898,-78.40909091,3
74:60:FA:9C:D6:1D,0,-62.18181818,0,3
5C:1D:D9:D3:04:30,-51.33333333,-63.18811881,-83,3
6C:4D:73:3B:FC:2D,0,-74.31578947,0,3
9C:B2:B2:6D:06:91,0,-63.55294118,-80.5,3
5C:1D:D9:D3:04:30,0,-63.87234043,-78,3
6C:4D:73:3B:FC:2D,0,-72.72340426,-82,3
9C:B2:B2:6D:06:91,0,-67.42857143,-80.76923077,3
5C:1D:D9:D3:04:30,0,-59,0,3
6C:4D:73:3B:FC:2D,0,-75.72368421,-82,3
9C:B2:B2:6D:06:91,0,-66.35294118,-82.83333333,3
74:60:FA:9C:D6:1D,0,-61.33333333,0,3
5C:1D:D9:D3:04:30,0,-60.26666667,-78,3
6C:4D:73:3B:FC:2D,0,-79.57746479,0,3
9C:B2:B2:6D:06:91,0,-66.7826087,-82.28571429,3
74:60:FA:9C:D6:1D,0,-61.6,0,3
5C:1D:D9:D3:04:30,0,-62.94117647,0,3
6C:4D:73:3B:FC:2D,0,-74.49438202,-86.5,3
9C:B2:B2:6D:06:91,0,-66.85714286,-80.73684211,3
5C:1D:D9:D3:04:30,0,-67.77777778,-82,3
6C:4D:73:3B:FC:2D,0,-77.76119403,0,3
9C:B2:B2:6D:06:91,0,-66.54054054,-83.43065693,3
5C:1D:D9:D3:04:30,0,-62.03883495,-81.45454545,3
74:60:FA:9C:D6:1D,0,-61.03225806,-86,3
6C:4D:73:3B:FC:2D,0,-77.44444444,0,3
9C:B2:B2:6D:06:91,0,-66.99365751,-80.70619946,3
6C:4D:73:3B:FC:2D,0,-76.76190476,-88,3
9C:B2:B2:6D:06:91,0,-65.93684211,-85.70588235,3
74:60:FA:9C:D6:1D,0,-60.44444444,0,3
5C:1D:D9:D3:04:30,0,-68.48,0,3
6C:4D:73:3B:FC:2D,0,-70.92957746,0,3
9C:B2:B2:6D:06:91,0,-61.79527559,-80,3
5C:1D:D9:D3:04:30,0,-69.91304348,0,3
6C:4D:73:3B:FC:2D,-59.44827586,-67.90243902,0,3
9C:B2:B2:6D:06:91,-59.0754717,-66.15197568,-82.7961165,3
74:60:FA:9C:D6:1D,0,-66,0,3
5C:1D:D9:D3:04:30,-53.6,-68.66666667,0,3
6C:4D:73:3B:FC:2D,-60.33333333,-66.94117647,-82,3
9C:B2:B2:6D:06:91,-57.41935484,-66.3254818,-79.61676647,3
74:60:FA:9C:D6:1D,-58.66666667,-64,0,3
5C:1D:D9:D3:04:30,-57.33333333,-68,0,3
6C:4D:73:3B:FC:2D,-59,-68.85714286,0,3
9C:B2:B2:6D:06:91,-55.87969925,-61.86206897,-80.62251656,3
5C:1D:D9:D3:04:30,-45.36842105,-69.83333333,-81.33333333,3
6C:4D:73:3B:FC:2D,-62,-71,-84,3
9C:B2:B2:6D:06:91,-55.0931677,-64.25396825,-82.54492754,3
74:60:FA:9C:D6:1D,-58,-60,-86,3
5C:1D:D9:D3:04:30,-46.52173913,-71.05882353,-80,3
6C:4D:73:3B:FC:2D,-60,-73.2,0,3
9C:B2:B2:6D:06:91,-57.06164384,-64.5382716,-82.89873418,3
74:60:FA:9C:D6:1D,-58.66666667,-60,-85,3
5C:1D:D9:D3:04:30,-50.95238095,-60.48888889,-78,3
6C:4D:73:3B:FC:2D,-61.57142857,-74.66666667,0,3
9C:B2:B2:6D:06:91,-56.23050847,-65.34126984,-80.40883978,3
5C:1D:D9:D3:04:30,-43.74358974,-62.69005848,-82,3
6C:4D:73:3B:FC:2D,-62,-73.27272727,0,3
9C:B2:B2:6D:06:91,-55.36764706,-62.83333333,-82.3968254,3
74:60:FA:9C:D6:1D,-59.33333333,-63.69230769,-86,3
5C:1D:D9:D3:04:30,-53.5,-62,0,3
6C:4D:73:3B:FC:2D,-58.4,-72.66666667,0,3
9C:B2:B2:6D:06:91,-55.50943396,-64.52910053,-81.48178138,3
74:60:FA:9C:D6:1D,-58.4,-61.2,0,3
5C:1D:D9:D3:04:30,-60.66666667,-70.66666667,0,3
6C:4D:73:3B:FC:2D,-59.24324324,-77.11111111,-86,3
9C:B2:B2:6D:06:91,-56.44748858,-62.47727273,-84.57142857,3
74:60:FA:9C:D6:1D,-56.93333333,-62.47887324,-86,3
5C:1D:D9:D3:04:30,-56.5,-68,-76,3
6C:4D:73:3B:FC:2D,-57.3452381,-74,0,3
9C:B2:B2:6D:06:91,-55.63636364,-62.27692308,-81.55489614,3
74:60:FA:9C:D6:1D,0,-63.33333333,-84.28571429,3
5C:1D:D9:D3:04:30,-59,-64,0,3
6C:4D:73:3B:FC:2D,-62.22018349,-72.04,0,3
9C:B2:B2:6D:06:91,-55.76811594,-63.239819,-83.59452055,3
74:60:FA:9C:D6:1D,-58,-62,0,3
5C:1D:D9:D3:04:30,0,-64,-84,3
6C:4D:73:3B:FC:2D,-56.46728972,-73.71875,0,3
9C:B2:B2:6D:06:91,-53.78571429,-65.91067961,-82.58730159,3
74:60:FA:9C:D6:1D,-58,0,-84,3
5C:1D:D9:D3:04:30,-58,0,0,3
6C:4D:73:3B:FC:2D,-64.9,-71.42857143,-86,3
9C:B2:B2:6D:06:91,-54.08450704,-62.75510204,-82.55727554,3
5C:1D:D9:D3:04:30,-62.5,-69.42857143,0,3
6C:4D:73:3B:FC:2D,-62.36363636,-79.38461538,0,3
9C:B2:B2:6D:06:91,-57.6300578,-64.75384615,-82.74545455,3
74:60:FA:9C:D6:1D,0,-66,-84,3
5C:1D:D9:D3:04:30,-62.15384615,-72,-82.4,3
6C:4D:73:3B:FC:2D,-55.77777778,-73,0,3
9C:B2:B2:6D:06:91,-59.6744186,-63.91836735,-82.13836478,3
74:60:FA:9C:D6:1D,0,0,-83.2,3
5C:1D:D9:D3:04:30,-59.33333333,0,-82,3
6C:4D:73:3B:FC:2D,-60.93103448,-72.85245902,0,3
9C:B2:B2:6D:06:91,-56.12698413,-65.25925926,-80.66666667,3
74:60:FA:9C:D6:1D,-56.4,-62.8,-86,3
5C:1D:D9:D3:04:30,-64.5,0,-80,3
6C:4D:73:3B:FC:2D,-58.28571429,-75,0,3
9C:B2:B2:6D:06:91,-55.77777778,-63.19587629,-84.63013699,3
74:60:FA:9C:D6:1D,-55.69230769,-60.66666667,-84,3
5C:1D:D9:D3:04:30,-63.71428571,-68,-81,3
5C:1D:D9:D3:04:30,-62,-69.85714286,-83,3
9C:B2:B2:6D:06:91,-55.16666667,-62.36363636,-79.28484848,3
6C:4D:73:3B:FC:2D,-58.72727273,-74.5,0,3
74:60:FA:9C:D6:1D,0,-62.44444444,-88,3
6C:4D:73:3B:FC:2D,-58.93333333,-74.75,0,3
9C:B2:B2:6D:06:91,-55.78571429,-61.6,-80.95238095,3
5C:1D:D9:D3:04:30,0,-73,0,3
6C:4D:73:3B:FC:2D,-60.55555556,-74.13333333,-80,3
9C:B2:B2:6D:06:91,-54.90909091,-66.42857143,-81.66666667,3
74:60:FA:9C:D6:1D,-58.66666667,0,-88,3
5C:1D:D9:D3:04:30,-52,-67.33333333,0,3
6C:4D:73:3B:FC:2D,-60.34408602,-74.66666667,0,3
9C:B2:B2:6D:06:91,-54.33333333,-63.33333333,-82.90909091,3
5C:1D:D9:D3:04:30,-55.83333333,-72.90909091,0,3
6C:4D:73:3B:FC:2D,-60.7804878,-72.77777778,0,3
9C:B2:B2:6D:06:91,-55.33333333,-66.32369942,-82.07446809,3
74:60:FA:9C:D6:1D,-62.66666667,-60,0,3
5C:1D:D9:D3:04:30,-57,-72.95238095,-83.33333333,3
6C:4D:73:3B:FC:2D,-63.40740741,-72.06451613,0,3
9C:B2:B2:6D:06:91,-58.84242424,-63.81333333,-83.48739496,3
74:60:FA:9C:D6:1D,0,-60,0,3
5C:1D:D9:D3:04:30,-62,-83.5,0,3
6C:4D:73:3B:FC:2D,-62,-72.92537313,0,3
9C:B2:B2:6D:06:91,-55.775,-66.63592233,-83.86153846,3
74:60:FA:9C:D6:1D,-60,0,0,3
5C:1D:D9:D3:04:30,-64,-78,0,3
6C:4D:73:3B:FC:2D,-60.92307692,-72.95652174,0,3
9C:B2:B2:6D:06:91,-57.09,-63.88039867,-81.47843137,3
74:60:FA:9C:D6:1D,0,-60.66666667,-86,3
5C:1D:D9:D3:04:30,-62.66666667,-72.5,0,3
6C:4D:73:3B:FC:2D,-65.6,-72,0,3
9C:B2:B2:6D:06:91,-56.07659574,-64.92444444,-82.18571429,3
74:60:FA:9C:D6:1D,-62,0,0,3
5C:1D:D9:D3:04:30,-66,-79.5,-79,3
6C:4D:73:3B:FC:2D,-69.47826087,-83.81818182,0,3
9C:B2:B2:6D:06:91,-57.4137931,-65.09236948,-82.85660377,3
74:60:FA:9C:D6:1D,-60,-61.6,-86,3
5C:1D:D9:D3:04:30,0,-74.19047619,-79,3
6C:4D:73:3B:FC:2D,-71.39130435,-83.70909091,0,3
9C:B2:B2:6D:06:91,-58.43386243,-65.86092715,-81.64966741,3
74:60:FA:9C:D6:1D,0,-59.66666667,-86,3
5C:1D:D9:D3:04:30,-65.40740741,-76.90909091,-80.22222222,3
6C:4D:73:3B:FC:2D,-70.57142857,-84.76923077,0,3
9C:B2:B2:6D:06:91,-55.56521739,-64.64220183,-83.97826087,3
74:60:FA:9C:D6:1D,-60.5,-61,0,3
5C:1D:D9:D3:04:30,-61.5483871,-71.5,0,3
6C:4D:73:3B:FC:2D,-68.98550725,-85.02222222,-80,3
9C:B2:B2:6D:06:91,-56.11764706,-64.57534247,-82.359375,3
74:60:FA:9C:D6:1D,-62,-60.85714286,0,3
5C:1D:D9:D3:04:30,-62.17142857,-67.5,-80,3
6C:4D:73:3B:FC:2D,-70.51282051,-84.44067797,0,3
9C:B2:B2:6D:06:91,-55.15837104,-64.64473684,-81.07051282,3
74:60:FA:9C:D6:1D,-61.09090909,-59.11111111,0,3
5C:1D:D9:D3:04:30,-56.83333333,-66.92307692,-78.28571429,3
6C:4D:73:3B:FC:2D,-62.81081081,-77.53846154,0,3
9C:B2:B2:6D:06:91,-55.95620438,-65.50753769,-78.42857143,3
74:60:FA:9C:D6:1D,-60,0,0,3
5C:1D:D9:D3:04:30,-58,-71.47826087,-82,3
6C:4D:73:3B:FC:2D,-68.18181818,-82.93333333,0,3
9C:B2:B2:6D:06:91,-56.82894737,-66.48780488,-82.68292683,3
74:60:FA:9C:D6:1D,-60.5,0,0,3
5C:1D:D9:D3:04:30,-59.07692308,-72,0,3
6C:4D:73:3B:FC:2D,-57.56756757,-66.68965517,0,3
9C:B2:B2:6D:06:91,-56.98305085,-65.41714286,-80.52702703,3
5C:1D:D9:D3:04:30,-57.55555556,-68.16326531,-86,3
6C:4D:73:3B:FC:2D,-58.25210084,-73.43478261,0,3
5C:1D:D9:D3:04:30,-60.05333333,-66.6741573,-84.66666667,3
9C:B2:B2:6D:06:91,-58.25714286,-65.55555556,-84.10526316,3
6C:4D:73:3B:FC:2D,-56.03149606,-72.60869565,0,3
9C:B2:B2:6D:06:91,-58.55,-67.13939394,-81.87616099,3
74:60:FA:9C:D6:1D,-59.33333333,-61.33333333,0,3
5C:1D:D9:D3:04:30,-59.33333333,-67.86538462,0,3
6C:4D:73:3B:FC:2D,-56,-73.21212121,0,3
9C:B2:B2:6D:06:91,-56.22988506,-66.39259259,-82.07804878,3
74:60:FA:9C:D6:1D,-59.2,-61.27272727,-86.8,3
5C:1D:D9:D3:04:30,-63.5,-68.22857143,0,3
6C:4D:73:3B:FC:2D,-56,-74,0,3
9C:B2:B2:6D:06:91,-56.92820513,-63.42142857,-82.4260355,3
74:60:FA:9C:D6:1D,-58,-61.5,-88,3
5C:1D:D9:D3:04:30,-60.2,-72,0,3
6C:4D:73:3B:FC:2D,-57,-75.5,0,3
9C:B2:B2:6D:06:91,-56.92857143,-66.40963855,-84.13636364,3
74:60:FA:9C:D6:1D,-62.85714286,-60.66666667,-85.33333333,3
5C:1D:D9:D3:04:30,-57.5,-62.35714286,-74,3
6C:4D:73:3B:FC:2D,-59,-72.73684211,-84,3
5C:1D:D9:D3:04:30,-55.11111111,-75.33333333,-82.66666667,3
9C:B2:B2:6D:06:91,-54.75862069,-65.83486239,-82.57918552,3
6C:4D:73:3B:FC:2D,-59.03389831,-71.53684211,0,3
9C:B2:B2:6D:06:91,-56.36,-65.18987342,-83.71428571,3
74:60:FA:9C:D6:1D,-64,0,0,3
5C:1D:D9:D3:04:30,-63.66666667,-70.2,-84.8,3
6C:4D:73:3B:FC:2D,-60.16,-74.5,0,3
9C:B2:B2:6D:06:91,-57.24719101,-65.66779661,-86.37209302,3
74:60:FA:9C:D6:1D,-64.4,-60,-84,3
5C:1D:D9:D3:04:30,-60.33333333,-74.11764706,-79.33333333,3
6C:4D:73:3B:FC:2D,-56,-72.66666667,0,3
5C:1D:D9:D3:04:30,-58.66666667,-73.6,0,3
9C:B2:B2:6D:06:91,-56.46153846,-65.57142857,-81.5,3
74:60:FA:9C:D6:1D,-62.18181818,0,0,3
6C:4D:73:3B:FC:2D,-56,-74,0,3
9C:B2:B2:6D:06:91,-55.46788991,-66.595,-81.0367893,3
74:60:FA:9C:D6:1D,0,-60.66666667,0,3
5C:1D:D9:D3:04:30,-61.42857143,-76.2,-80,3
6C:4D:73:3B:FC:2D,-57.42857143,-75,0,3
9C:B2:B2:6D:06:91,-55.75362319,-66.28199566,-81.72477064,3
74:60:FA:9C:D6:1D,-86,0,0,3
5C:1D:D9:D3:04:30,-50.32291667,-63.75,0,3
6C:4D:73:3B:FC:2D,-55.6,-73,0,3
5C:1D:D9:D3:04:30,-55.35251799,-65.72972973,-84,3
9C:B2:B2:6D:06:91,-55.14893617,-66.4486692,-82.84324324,3
74:60:FA:9C:D6:1D,0,-60,-84,3
6C:4D:73:3B:FC:2D,0,-74,0,3
9C:B2:B2:6D:06:91,-57.24423963,-65.68831169,-84.85201794,3
74:60:FA:9C:D6:1D,-58,0,0,3
5C:1D:D9:D3:04:30,-54.64724919,-63.05343511,-81.77777778,3
6C:4D:73:3B:FC:2D,-60.66666667,-77,0,3
9C:B2:B2:6D:06:91,-57.61842105,-65.4,-82.02702703,3
5C:1D:D9:D3:04:30,-56.74626866,-61.56989247,-84.8,3
6C:4D:73:3B:FC:2D,-57.11111111,-74,0,3
9C:B2:B2:6D:06:91,-54.69945355,-65.03901437,-82.34493671,3
74:60:FA:9C:D6:1D,0,-61.5,-84,3
5C:1D:D9:D3:04:30,-63.82278481,-62.48979592,-84,3
6C:4D:73:3B:FC:2D,-56.7,-74.15384615,0,3
9C:B2:B2:6D:06:91,-56.18552036,-64.91869919,-80.93069307,3
74:60:FA:9C:D6:1D,0,-61,-84,3
5C:1D:D9:D3:04:30,-59.55844156,-66.19417476,-83,3
6C:4D:73:3B:FC:2D,-61.82417582,-71.64,0,3
9C:B2:B2:6D:06:91,-54.39655172,-63.33211009,-80.61737089,3
74:60:FA:9C:D6:1D,-61,0,0,3
5C:1D:D9:D3:04:30,-55.33333333,-63.16666667,0,3
6C:4D:73:3B:FC:2D,-64,-74,0,3
9C:B2:B2:6D:06:91,-55.78082192,-64.13793103,-82.94871795,3
74:60:FA:9C:D6:1D,-62,-60.22222222,0,3
5C:1D:D9:D3:04:30,-53.11111111,0,0,3
6C:4D:73:3B:FC:2D,-62.8,-74.5,0,3
9C:B2:B2:6D:06:91,-56.53061224,-69.34782609,-82.57142857,3
74:60:FA:9C:D6:1D,-61.33333333,-60.16,-84,3
5C:1D:D9:D3:04:30,-60.4375,-60.13333333,-88,3
6C:4D:73:3B:FC:2D,-60,-70,0,3
74:60:FA:9C:D6:1D,-58.14814815,-73.75,-84,3
9C:B2:B2:6D:06:91,-56.25,-64,-82.10434783,3
5C:1D:D9:D3:04:30,-62,-57.33333333,0,3
6C:4D:73:3B:FC:2D,-60.88888889,-70.58536585,0,3
9C:B2:B2:6D:06:91,-59,-65.05,-82.75,3
5C:1D:D9:D3:04:30,-59.33333333,-62.57894737,0,3
6C:4D:73:3B:FC:2D,-62,-70,0,3
9C:B2:B2:6D:06:91,-63.47619048,-67.9047619,-86.08510638,3
5C:1D:D9:D3:04:30,-56.69565217,-60.28571429,0,3
6C:4D:73:3B:FC:2D,-60.16666667,-69.24528302,0,3
9C:B2:B2:6D:06:91,-52.54444444,-63.70334928,-84.03225806,3
5C:1D:D9:D3:04:30,-60,0,0,3
6C:4D:73:3B:FC:2D,-60.8125,-68.43902439,0,3
5C:1D:D9:D3:04:30,-52.36842105,-58.28571429,0,3
9C:B2:B2:6D:06:91,-57.07575758,-61.80555556,-83.97435897,3
6C:4D:73:3B:FC:2D,-60.73170732,-69.62962963,0,3
9C:B2:B2:6D:06:91,-51.82857143,-62.53012048,-83.56756757,3
5C:1D:D9:D3:04:30,-52.07692308,-60.34285714,0,3
6C:4D:73:3B:FC:2D,-59.15789474,-70.64705882,0,3
9C:B2:B2:6D:06:91,-58.78787879,-66.68181818,-86.23076923,3
5C:1D:D9:D3:04:30,-53.50943396,-63.51428571,0,3
6C:4D:73:3B:FC:2D,-56.69135802,-74.25,0,3
9C:B2:B2:6D:06:91,-56.78571429,-66.27522936,-83.088,3
5C:1D:D9:D3:04:30,-55.13450292,-58.625,0,3
6C:4D:73:3B:FC:2D,-58,-72.60869565,0,3
9C:B2:B2:6D:06:91,-54.49101796,-63.84455959,-85.48314607,3
5C:1D:D9:D3:04:30,-54.82296651,-58.83804627,0,3
6C:4D:73:3B:FC:2D,-56.75,-72,0,3
9C:B2:B2:6D:06:91,-54.87912088,-63.94444444,-83.0952381,3
5C:1D:D9:D3:04:30,-53.06341463,-59.54347826,0,3
6C:4D:73:3B:FC:2D,-58.57142857,-73.2,0,3
9C:B2:B2:6D:06:91,-58.83333333,-65.71428571,-83.25,3
5C:1D:D9:D3:04:30,-55.53846154,-61.08333333,0,3
6C:4D:73:3B:FC:2D,-60,-74,0,3
9C:B2:B2:6D:06:91,-63.62162162,-65.04347826,-84,3
5C:1D:D9:D3:04:30,-54,-60.5,0,3
6C:4D:73:3B:FC:2D,-58,-73.14285714,0,3
9C:B2:B2:6D:06:91,-54.83495146,-69.77777778,-84.63888889,3
5C:1D:D9:D3:04:30,-52.70848708,-59.17269076,0,3
6C:4D:73:3B:FC:2D,-58.5,-74,0,3
9C:B2:B2:6D:06:91,-55.025,-65.59322034,-85.92857143,3
5C:1D:D9:D3:04:30,-51.03125,-58.80851064,0,3
6C:4D:73:3B:FC:2D,-58,-74,0,3
9C:B2:B2:6D:06:91,-57.6875,-65.95555556,-84.76190476,3
6C:4D:73:3B:FC:2D,-58,-73.81818182,0,3
9C:B2:B2:6D:06:91,-57.2,-67.04,-83.97183099,3
5C:1D:D9:D3:04:30,-56.4,-60.66666667,0,3
6C:4D:73:3B:FC:2D,-58.5,-74,0,3
5C:1D:D9:D3:04:30,-56,0,0,3
9C:B2:B2:6D:06:91,-53.89814815,-67.34677419,-85,3
6C:4D:73:3B:FC:2D,-58,-72.33333333,-88,3
9C:B2:B2:6D:06:91,-56.13114754,-67.8627451,-83.63800905,3
6C:4D:73:3B:FC:2D,0,-74,0,3
9C:B2:B2:6D:06:91,-62.34146341,-71.85294118,-84,3
5C:1D:D9:D3:04:30,0,-60,0,3
6C:4D:73:3B:FC:2D,-59.11111111,-73.75,0,3
9C:B2:B2:6D:06:91,-57.21153846,-64.11320755,-81.19230769,3
5C:1D:D9:D3:04:30,-55.5,-60.66666667,0,3
6C:4D:73:3B:FC:2D,-60.28571429,-74.25,0,3
9C:B2:B2:6D:06:91,-51.42307692,-62.2875,-82.03861004,3
5C:1D:D9:D3:04:30,-58,-60.66666667,0,3
6C:4D:73:3B:FC:2D,-56.94736842,-73.8,0,3
9C:B2:B2:6D:06:91,-60.54054054,-65.1,-82.09090909,3
5C:1D:D9:D3:04:30,-53.5,-61.2,-85,3
6C:4D:73:3B:FC:2D,-58.36363636,-73.42857143,0,3
9C:B2:B2:6D:06:91,-55.21917808,-65.47572816,-81.12302839,3
6C:4D:73:3B:FC:2D,-58.15384615,-74.10526316,0,3
9C:B2:B2:6D:06:91,-59.63829787,-65.05042017,-82.05741627,3
5C:1D:D9:D3:04:30,-53.9093199,-58.18543046,0,3
6C:4D:73:3B:FC:2D,-59.2,-74,0,3
9C:B2:B2:6D:06:91,-61.46296296,-64.2875817,-79.51181102,3
5C:1D:D9:D3:04:30,-54.82666667,-58.01015228,0,3
6C:4D:73:3B:FC:2D,-58,-72,0,3
9C:B2:B2:6D:06:91,-64.25,-64.82474227,-82.61538462,3
5C:1D:D9:D3:04:30,-53.43,-58.49180328,-86,3
6C:4D:73:3B:FC:2D,-59.5,-74,0,3
9C:B2:B2:6D:06:91,-59.35483871,-64.24,-78.92307692,3
5C:1D:D9:D3:04:30,-51.63636364,-57.37142857,-86,3
6C:4D:73:3B:FC:2D,-59.46666667,-74.3,-88,3
9C:B2:B2:6D:06:91,0,-64.54545455,-82,3
5C:1D:D9:D3:04:30,-53.61344538,-59.56190476,-86,3
6C:4D:73:3B:FC:2D,-58.6,-74.13333333,0,3
9C:B2:B2:6D:06:91,0,-66,0,3
5C:1D:D9:D3:04:30,-54.58156028,-61.56643357,0,3
6C:4D:73:3B:FC:2D,-57.77777778,-73.33333333,0,3
9C:B2:B2:6D:06:91,-55.42465753,-62.12658228,-81.67272727,3
5C:1D:D9:D3:04:30,-53.80963303,-59.47406082,0,3
6C:4D:73:3B:FC:2D,-58.18181818,-73.625,0,3
9C:B2:B2:6D:06:91,-51.40425532,-62.2,-81.04347826,3
5C:1D:D9:D3:04:30,-52.85035629,-59.42507645,0,3
6C:4D:73:3B:FC:2D,-58.30769231,-74,0,3
9C:B2:B2:6D:06:91,0,-78,0,3
5C:1D:D9:D3:04:30,0,-60,0,3
6C:4D:73:3B:FC:2D,-58.25,-73.5,0,3
9C:B2:B2:6D:06:91,-59.61904762,-74.34482759,-84.23076923,3
5C:1D:D9:D3:04:30,0,-60,0,3
6C:4D:73:3B:FC:2D,-58.5,-74,0,3
9C:B2:B2:6D:06:91,-57.89115646,-69.55980861,-83.375,3
5C:1D:D9:D3:04:30,-52.5,-58.66666667,0,3
6C:4D:73:3B:FC:2D,-58.33333333,-74,0,3
9C:B2:B2:6D:06:91,-61.35483871,-71.85185185,-83.52380952,3
5C:1D:D9:D3:04:30,-52,-60.66666667,-88,3
6C:4D:73:3B:FC:2D,-58,-72.61538462,0,3
9C:B2:B2:6D:06:91,-69.71590909,-76.50196078,-80.79750779,3
6C:4D:73:3B:FC:2D,-57.5,-74.66666667,0,3
9C:B2:B2:6D:06:91,-58.33333333,-65.8,-84,3
6C:4D:73:3B:FC:2D,-58,-73.6,0,3
9C:B2:B2:6D:06:91,-64.44444444,-71.6,-83.4,3
5C:1D:D9:D3:04:30,-50,0,0,3
6C:4D:73:3B:FC:2D,-58,-73.25,0,3
9C:B2:B2:6D:06:91,-60.71428571,-72.25,-85.14285714,3
5C:1D:D9:D3:04:30,-56,0,0,3
6C:4D:73:3B:FC:2D,-57.875,-72.66666667,0,3
9C:B2:B2:6D:06:91,-53.33333333,-59.33333333,0,3
5C:1D:D9:D3:04:30,-54.30769231,0,-78,3
6C:4D:73:3B:FC:2D,-57.33333333,-74.88888889,0,3
9C:B2:B2:6D:06:91,-57.84615385,-58,0,3
5C:1D:D9:D3:04:30,0,-57.77777778,0,3
6C:4D:73:3B:FC:2D,-57,-73.39130435,0,3
9C:B2:B2:6D:06:91,-60.30769231,-58.73684211,-86,3
6C:4D:73:3B:FC:2D,-58.55555556,-73.5,0,3
9C:B2:B2:6D:06:91,-62,-58.5,-85.2,3
5C:1D:D9:D3:04:30,-54,-61.6,0,3
6C:4D:73:3B:FC:2D,-57.45454545,-74,0,3
9C:B2:B2:6D:06:91,-56.97402597,-62.24338624,-84.53061224,3
5C:1D:D9:D3:04:30,-53.78947368,0,-84,3
6C:4D:73:3B:FC:2D,-57,-74.75,0,3
9C:B2:B2:6D:06:91,-59.30769231,-66.953125,-82.39269406,3
5C:1D:D9:D3:04:30,-53.6,-60,0,3
6C:4D:73:3B:FC:2D,-58.5,-73.66666667,0,3
9C:B2:B2:6D:06:91,-66.80392157,-73.85046729,-84.89655172,3
5C:1D:D9:D3:04:30,-52.47222222,-59.48148148,0,3
6C:4D:73:3B:FC:2D,-58.44444444,-74.73684211,0,3
5C:1D:D9:D3:04:30,-51.96969697,-59.55555556,0,3
9C:B2:B2:6D:06:91,-66.32727273,-74.37908497,-81.86440678,3
6C:4D:73:3B:FC:2D,-59.15384615,-73.5,-88,3
9C:B2:B2:6D:06:91,-66.90909091,-74.11111111,0,3
5C:1D:D9:D3:04:30,-48.60240964,-58.26086957,0,3
6C:4D:73:3B:FC:2D,-58.34782609,-75.17647059,-88,3
9C:B2:B2:6D:06:91,-62.4,0,0,3
5C:1D:D9:D3:04:30,-54.39130435,-59.925,-82.625,3
6C:4D:73:3B:FC:2D,-58.71428571,-73.72727273,-88,3
9C:B2:B2:6D:06:91,-64,0,-83,3
5C:1D:D9:D3:04:30,-55.01754386,-60.67605634,-82.61538462,3
6C:4D:73:3B:FC:2D,-59.33333333,-73.77777778,0,3
9C:B2:B2:6D:06:91,-67.33333333,-74,0,3
5C:1D:D9:D3:04:30,-54.8,-60.77419355,-82,3
6C:4D:73:3B:FC:2D,-60,-74,-88,3
9C:B2:B2:6D:06:91,-64.66666667,0,0,3
5C:1D:D9:D3:04:30,-56.98039216,-60.6,-82.95238095,3
6C:4D:73:3B:FC:2D,-57.875,-75.14285714,0,3
9C:B2:B2:6D:06:91,-62.66666667,-76,0,3
5C:1D:D9:D3:04:30,-58.51612903,-60.74074074,-83.55555556,3
6C:4D:73:3B:FC:2D,-57,-72.8,0,3
9C:B2:B2:6D:06:91,-68,-74,0,3
5C:1D:D9:D3:04:30,-57.57377049,-60.53333333,-84.16666667,3
6C:4D:73:3B:FC:2D,-56.9,-74.22222222,0,3
9C:B2:B2:6D:06:91,-68,-78,0,3
5C:1D:D9:D3:04:30,-55.66037736,-60.10526316,-84,3
6C:4D:73:3B:FC:2D,-58,-73.5,0,3
9C:B2:B2:6D:06:91,-67.25,-76,0,3
5C:1D:D9:D3:04:30,-54.78571429,-60.47058824,-84,3
6C:4D:73:3B:FC:2D,-57.73333333,-74.57142857,0,3
9C:B2:B2:6D:06:91,0,-74,0,3
5C:1D:D9:D3:04:30,-55.09589041,-59.29166667,0,3
6C:4D:73:3B:FC:2D,-58.28571429,-73.14285714,0,3
9C:B2:B2:6D:06:91,-60,0,0,3
5C:1D:D9:D3:04:30,-57.57894737,-59.06521739,0,3
6C:4D:73:3B:FC:2D,-58,-73,0,3
9C:B2:B2:6D:06:91,-68,0,0,3
5C:1D:D9:D3:04:30,-58.325,-58,0,3
6C:4D:73:3B:FC:2D,-58.52631579,-74.4,0,3
5C:1D:D9:D3:04:30,-52.72340426,-58,0,3
6C:4D:73:3B:FC:2D,-58.92307692,-74.22222222,0,3
9C:B2:B2:6D:06:91,-61.5,-73,0,3
5C:1D:D9:D3:04:30,-52.12962963,-58.75,0,3
6C:4D:73:3B:FC:2D,-58,-73.83333333,0,3
9C:B2:B2:6D:06:91,-58.57142857,0,-84,3
5C:1D:D9:D3:04:30,-55.05,-58.80769231,0,3
6C:4D:73:3B:FC:2D,-57.23076923,-72.8,0,3
9C:B2:B2:6D:06:91,-59.33333333,-73,0,3
5C:1D:D9:D3:04:30,-53.94029851,-57.90625,0,3
6C:4D:73:3B:FC:2D,-57.33333333,-73.66666667,0,3
9C:B2:B2:6D:06:91,-60.66666667,0,0,3
5C:1D:D9:D3:04:30,-53.04651163,-59.11711712,-87,3
6C:4D:73:3B:FC:2D,-59.42857143,-72.75,0,3
9C:B2:B2:6D:06:91,-61,-69.6,0,3
5C:1D:D9:D3:04:30,-50.74766355,-58.56470588,-83,3
6C:4D:73:3B:FC:2D,-57.14285714,-72.76923077,0,3
9C:B2:B2:6D:06:91,-57.74193548,-65.29824561,-76,3
5C:1D:D9:D3:04:30,-52.4437299,-57.90134529,0,3
6C:4D:73:3B:FC:2D,-56,-73.33333333,0,3
9C:B2:B2:6D:06:91,-57.75,-62,0,3
5C:1D:D9:D3:04:30,-54.54014599,-59.20710059,0,3
6C:4D:73:3B:FC:2D,-59,-74,0,3
9C:B2:B2:6D:06:91,-56,-66.6,0,3
5C:1D:D9:D3:04:30,-52.85714286,-59.01785714,0,3
6C:4D:73:3B:FC:2D,-57.71428571,-73.2,0,3
9C:B2:B2:6D:06:91,-57.43859649,-65.31707317,-79.33333333,3
5C:1D:D9:D3:04:30,-53.30769231,-57.19354839,0,3
6C:4D:73:3B:FC:2D,-57.6,-72.4,0,3
9C:B2:B2:6D:06:91,-57.57446809,-66.24489796,-76,3
5C:1D:D9:D3:04:30,-52.72240803,-57.96753247,0,3
6C:4D:73:3B:FC:2D,-58.57142857,-72,0,3
9C:B2:B2:6D:06:91,-66,0,0,3
5C:1D:D9:D3:04:30,-56.91113892,-58.18426104,0,3
6C:4D:73:3B:FC:2D,-57.5,-73.29411765,0,3
9C:B2:B2:6D:06:91,-62,-69,0,3
5C:1D:D9:D3:04:30,-56.19879518,-56.60913706,0,3
6C:4D:73:3B:FC:2D,-59.2,-73.71428571,0,3
5C:1D:D9:D3:04:30,-55.71428571,-58,0,3
9C:B2:B2:6D:06:91,-62.5,-66,0,3
6C:4D:73:3B:FC:2D,-57,-72,0,3
9C:B2:B2:6D:06:91,-58.4,-65,-81,3
6C:4D:73:3B:FC:2D,-60,-73.25,0,3
9C:B2:B2:6D:06:91,-56,-66,0,3
5C:1D:D9:D3:04:30,-55.86666667,0,0,3
6C:4D:73:3B:FC:2D,-65.5,-72.22222222,0,3
9C:B2:B2:6D:06:91,-60,-66,0,3
5C:1D:D9:D3:04:30,-54,-58.66666667,0,3
6C:4D:73:3B:FC:2D,-59.85714286,-72.25,0,3
9C:B2:B2:6D:06:91,-57,-64,0,3
6C:4D:73:3B:FC:2D,-58.8,-73.33333333,0,3
9C:B2:B2:6D:06:91,-58.75,-66.54545455,0,3
6C:4D:73:3B:FC:2D,-58.36363636,-72.13333333,0,3
9C:B2:B2:6D:06:91,-60.11111111,-66.69135802,-78.66666667,3
5C:1D:D9:D3:04:30,0,-58.5,0,3
6C:4D:73:3B:FC:2D,-59.5,-70.5,0,3
9C:B2:B2:6D:06:91,-57.2,-69.41666667,-82,3
5C:1D:D9:D3:04:30,-53,-58,-72,3
6C:4D:73:3B:FC:2D,-59,0,0,3
9C:B2:B2:6D:06:91,-57.5,-64.8,-78,3
5C:1D:D9:D3:04:30,-57.33333333,-58,0,3
6C:4D:73:3B:FC:2D,-58.66666667,-72,0,3
5C:1D:D9:D3:04:30,-63,-58.57142857,0,3
9C:B2:B2:6D:06:91,0,-66,0,3
6C:4D:73:3B:FC:2D,-59.33333333,-72,0,3
9C:B2:B2:6D:06:91,-59,-66,0,3
5C:1D:D9:D3:04:30,0,-57.6,0,3
6C:4D:73:3B:FC:2D,-58.4,-72,0,3
9C:B2:B2:6D:06:91,-58,-64,0,3
5C:1D:D9:D3:04:30,0,-61,0,3
6C:4D:73:3B:FC:2D,-59.14285714,-72,0,3
9C:B2:B2:6D:06:91,-59.33333333,-62,0,3
6C:4D:73:3B:FC:2D,-58,0,0,3
9C:B2:B2:6D:06:91,-57,-64,0,3
5C:1D:D9:D3:04:30,-58.8,-58.11764706,0,3
6C:4D:73:3B:FC:2D,-62,-72,0,3
5C:1D:D9:D3:04:30,-60.80898876,-60,0,3
6C:4D:73:3B:FC:2D,-59.42857143,-70,0,3
5C:1D:D9:D3:04:30,-61.08024691,-58.47674419,0,3
6C:4D:73:3B:FC:2D,-58.8,-72.2,0,3
5C:1D:D9:D3:04:30,-57.89189189,-58.13397129,0,3
6C:4D:73:3B:FC:2D,-60,-70,0,3
5C:1D:D9:D3:04:30,-56,-58,0,3
9C:B2:B2:6D:06:91,0,-64,0,3
6C:4D:73:3B:FC:2D,-62.4,-75,0,3
6C:4D:73:3B:FC:2D,-58.57142857,-72.66666667,0,3
6C:4D:73:3B:FC:2D,-59.56521739,-68.19138756,0,3
9C:B2:B2:6D:06:91,-58,-64,0,3
6C:4D:73:3B:FC:2D,-59.57894737,-67.02439024,0,3
6C:4D:73:3B:FC:2D,-53.39393939,-68.58333333,0,3
9C:B2:B2:6D:06:91,-66,-64,0,3
5C:1D:D9:D3:04:30,-53.27272727,-63.11111111,0,3
6C:4D:73:3B:FC:2D,-54.88888889,-72,0,3
9C:B2:B2:6D:06:91,-59.77777778,-61.33333333,-81,3
5C:1D:D9:D3:04:30,-48,-67.66666667,0,3
6C:4D:73:3B:FC:2D,0,-73,0,3
9C:B2:B2:6D:06:91,-56.72727273,-58.43243243,-84,3
6C:4D:73:3B:FC:2D,-59.42857143,-71,0,3
9C:B2:B2:6D:06:91,-59.89473684,-59.29411765,0,3
5C:1D:D9:D3:04:30,-54,-66.88888889,0,3
6C:4D:73:3B:FC:2D,-58.5,-68.72727273,0,3
9C:B2:B2:6D:06:91,-61.66666667,-69.5,0,3
5C:1D:D9:D3:04:30,-50.47619048,-67.15151515,0,3
6C:4D:73:3B:FC:2D,-57.53271028,-69.75,0,3
9C:B2:B2:6D:06:91,0,0,-84,3
5C:1D:D9:D3:04:30,-49.53333333,-68,0,3
6C:4D:73:3B:FC:2D,-60,-74,0,3
5C:1D:D9:D3:04:30,-49.57575758,-68.08333333,0,3
6C:4D:73:3B:FC:2D,-58.08695652,-72.21621622,0,3
9C:B2:B2:6D:06:91,-65,-67,0,3
5C:1D:D9:D3:04:30,-49.80645161,-68.35294118,0,3
6C:4D:73:3B:FC:2D,-59.08571429,-69.71794872,0,3
5C:1D:D9:D3:04:30,-54.74285714,-68.52941176,0,3
6C:4D:73:3B:FC:2D,-59.4,-69.10880829,0,3
5C:1D:D9:D3:04:30,-49.6,0,0,3
6C:4D:73:3B:FC:2D,-58,-74,0,3
9C:B2:B2:6D:06:91,0,-69,0,3
6C:4D:73:3B:FC:2D,-58.5,-74,-84,3
5C:1D:D9:D3:04:30,-46,0,0,3
6C:4D:73:3B:FC:2D,-59.33333333,-77,0,3
9C:B2:B2:6D:06:91,0,-70,0,3
5C:1D:D9:D3:04:30,-51.5,0,0,3
6C:4D:73:3B:FC:2D,-58.66666667,-67.25,0,3
9C:B2:B2:6D:06:91,-58.66666667,0,0,3
5C:1D:D9:D3:04:30,-53.40740741,-67.5,0,3
6C:4D:73:3B:FC:2D,-57,-68,0,3
9C:B2:B2:6D:06:91,0,-60,0,3
5C:1D:D9:D3:04:30,-48.30769231,-66.51612903,-80,3
6C:4D:73:3B:FC:2D,-56,0,0,3
9C:B2:B2:6D:06:91,0,-62,0,3
5C:1D:D9:D3:04:30,-47,-66,-78,3
6C:4D:73:3B:FC:2D,-56.5,-70,0,3
5C:1D:D9:D3:04:30,0,-68,0,3
6C:4D:73:3B:FC:2D,-54,-74,0,3
5C:1D:D9:D3:04:30,0,-66.58823529,0,3
6C:4D:73:3B:FC:2D,0,-70,0,3
9C:B2:B2:6D:06:91,-55,-63.2,0,3
5C:1D:D9:D3:04:30,0,-66.34042553,0,3
6C:4D:73:3B:FC:2D,0,-69,0,3
9C:B2:B2:6D:06:91,-52,0,0,3
6C:4D:73:3B:FC:2D,-55.66666667,-72,0,3
5C:1D:D9:D3:04:30,-46,-68,0,3
6C:4D:73:3B:FC:2D,-60.7628866,-72.13953488,-87.33333333,3
9C:B2:B2:6D:06:91,-52,0,0,3
5C:1D:D9:D3:04:30,-47.33333333,0,0,3
6C:4D:73:3B:FC:2D,-62,-72.21052632,0,3
9C:B2:B2:6D:06:91,-57.5,-66.60465116,-89,3
5C:1D:D9:D3:04:30,0,-65.06666667,0,3
6C:4D:73:3B:FC:2D,-61,-78,0,3
5C:1D:D9:D3:04:30,-51.70967742,0,0,3
9C:B2:B2:6D:06:91,-63.375,-73,0,3
6C:4D:73:3B:FC:2D,-60,-76,0,3
9C:B2:B2:6D:06:91,-66,-75.33333333,0,3
5C:1D:D9:D3:04:30,-55.11111111,-63.33333333,0,3
6C:4D:73:3B:FC:2D,-57.55263158,-67.45454545,-82,3
9C:B2:B2:6D:06:91,-66.66666667,-70.36363636,-84,3
5C:1D:D9:D3:04:30,0,-60.58823529,0,3
6C:4D:73:3B:FC:2D,-58.0776699,-65.18518519,0,3
9C:B2:B2:6D:06:91,-63.33333333,-65.33333333,-80,3
6C:4D:73:3B:FC:2D,-61.37864078,-69.16666667,0,3
9C:B2:B2:6D:06:91,-62,0,-78,3
6C:4D:73:3B:FC:2D,-63.58064516,-72.60301508,0,3
5C:1D:D9:D3:04:30,-54,-72.3,0,3
6C:4D:73:3B:FC:2D,-67.29411765,-70.16666667,0,3
9C:B2:B2:6D:06:91,-58,-65.33333333,0,3
6C:4D:73:3B:FC:2D,-67.83783784,-73.14285714,0,3
9C:B2:B2:6D:06:91,-60,-65.69565217,0,3
5C:1D:D9:D3:04:30,-50,0,0,3
6C:4D:73:3B:FC:2D,-62.1037037,-69.26315789,0,3
9C:B2:B2:6D:06:91,-62.8,-66.85714286,0,3
5C:1D:D9:D3:04:30,-48.875,0,0,3
6C:4D:73:3B:FC:2D,-56.94545455,-68.46153846,0,3
9C:B2:B2:6D:06:91,-60,-66,0,3
5C:1D:D9:D3:04:30,-63,-62.23529412,0,3
6C:4D:73:3B:FC:2D,-56.77142857,-68.71957672,0,3
9C:B2:B2:6D:06:91,0,-65.5,0,3
5C:1D:D9:D3:04:30,0,-72,0,3
6C:4D:73:3B:FC:2D,-58.01834862,-67.76699029,0,3
9C:B2:B2:6D:06:91,-61,-69.2,0,3
5C:1D:D9:D3:04:30,-60,0,0,3
6C:4D:73:3B:FC:2D,-58.39344262,-67.89473684,0,3
6C:4D:73:3B:FC:2D,-55,-72,0,3
9C:B2:B2:6D:06:91,-62,0,0,3
6C:4D:73:3B:FC:2D,-56.77419355,-71.25925926,0,3
9C:B2:B2:6D:06:91,-58,-65,0,3
5C:1D:D9:D3:04:30,-56.6,-71.66222222,0,3
6C:4D:73:3B:FC:2D,-55.03768116,-67.5908046,-80,3
9C:B2:B2:6D:06:91,-57.69230769,-68,0,3
6C:4D:73:3B:FC:2D,-60.10695187,-74.33333333,0,3
9C:B2:B2:6D:06:91,-58,-72,0,3
5C:1D:D9:D3:04:30,-63.69230769,-71,0,3
6C:4D:73:3B:FC:2D,-59.23021583,-70.88888889,0,3
9C:B2:B2:6D:06:91,-58,-72.04651163,0,3
6C:4D:73:3B:FC:2D,-59.50943396,-72.55263158,0,3
6C:4D:73:3B:FC:2D,-53.85964912,-72.7751938,0,3
9C:B2:B2:6D:06:91,-58,-72,0,3
5C:1D:D9:D3:04:30,-57.11111111,-74,-82,3
6C:4D:73:3B:FC:2D,-55.66972477,-69.65714286,0,3
9C:B2:B2:6D:06:91,-52.66666667,-69,0,3
6C:4D:73:3B:FC:2D,-59.50819672,-74,0,3
5C:1D:D9:D3:04:30,-61.5,-72.66666667,0,3
6C:4D:73:3B:FC:2D,-58.375,-76.13888889,0,3
5C:1D:D9:D3:04:30,-51.75,-67.63636364,0,3
9C:B2:B2:6D:06:91,0,-74,0,3
5C:1D:D9:D3:04:30,-54,-68.66666667,0,3
6C:4D:73:3B:FC:2D,-58.13043478,-70.53658537,0,3
9C:B2:B2:6D:06:91,-54.66666667,-67,0,3
6C:4D:73:3B:FC:2D,-59.35714286,-68.2,0,3
9C:B2:B2:6D:06:91,-58,-65.14285714,0,3
6C:4D:73:3B:FC:2D,-57.80952381,-71.77777778,-86,3
5C:1D:D9:D3:04:30,-56,0,0,3
9C:B2:B2:6D:06:91,-58.66666667,0,0,3
6C:4D:73:3B:FC:2D,-57.45454545,-72.53333333,0,3
9C:B2:B2:6D:06:91,-58,-70,0,3
6C:4D:73:3B:FC:2D,-63.3,-73.42857143,-80,3
5C:1D:D9:D3:04:30,-58.54545455,-73.5,0,3
9C:B2:B2:6D:06:91,-59.5,-70,0,3
9C:B2:B2:6D:06:91,-62.50963597,-75.90374332,-74.27272727,4
6C:4D:73:3B:FC:2D,-69,-70.33333333,-84,4
5C:1D:D9:D3:04:30,0,-72.66666667,0,4
9C:B2:B2:6D:06:91,-74.64423077,-78.25242718,-78.25,4
6C:4D:73:3B:FC:2D,-66.8,-76,0,4
9C:B2:B2:6D:06:91,-73.32824427,-74.44029851,-77.875,4
9C:B2:B2:6D:06:91,-66,-79.26666667,-72.61538462,4
6C:4D:73:3B:FC:2D,-73.27272727,-78,-76,4
6C:4D:73:3B:FC:2D,-69.14285714,-80,-78,4
9C:B2:B2:6D:06:91,-68.25,-74.75,-82.8,4
9C:B2:B2:6D:06:91,-72.5648855,-74.87058824,-72.91056911,4
6C:4D:73:3B:FC:2D,-66.8,-77.33333333,-77,4
6C:4D:73:3B:FC:2D,-71,-64,-72.85714286,4
9C:B2:B2:6D:06:91,-72.04347826,-70.52747253,-72.88,4
9C:B2:B2:6D:06:91,-60.08459215,-74.17182131,-83.33333333,4
6C:4D:73:3B:FC:2D,0,-72,-84,4
6C:4D:73:3B:FC:2D,-74,-85,0,4
9C:B2:B2:6D:06:91,-68.64206642,-78.6875,-82,4
6C:4D:73:3B:FC:2D,-72,-82,0,4
9C:B2:B2:6D:06:91,-68.45517241,-77.5326087,-73.92,4
6C:4D:73:3B:FC:2D,0,-83,-84,4
9C:B2:B2:6D:06:91,-68.26153846,-74.47272727,-74,4
6C:4D:73:3B:FC:2D,-75.5,-82.2,-82,4
9C:B2:B2:6D:06:91,-63.15254237,-73.46846847,-72,4
9C:B2:B2:6D:06:91,-72.66141732,-78.01333333,-74,4
6C:4D:73:3B:FC:2D,0,-82.85714286,0,4
9C:B2:B2:6D:06:91,-68.44,-76.24203822,-74.875,4
6C:4D:73:3B:FC:2D,-73,-80.2,-82,4
9C:B2:B2:6D:06:91,-69.70149254,-75.73737374,-74.14285714,4
6C:4D:73:3B:FC:2D,-82,0,-84,4
9C:B2:B2:6D:06:91,-68.33684211,-77.49450549,-78.41935484,4
6C:4D:73:3B:FC:2D,-58,-74,0,4
6C:4D:73:3B:FC:2D,-75.33333333,-76,0,4
9C:B2:B2:6D:06:91,-71.52941176,-79.19553073,-80,4
6C:4D:73:3B:FC:2D,-77.75,-79.55555556,-82,4
9C:B2:B2:6D:06:91,-65.70588235,-77.02068966,-83.33333333,4
9C:B2:B2:6D:06:91,-72.17475728,-79.40506329,-84,4
6C:4D:73:3B:FC:2D,-78.18181818,-82.30769231,-82,4
6C:4D:73:3B:FC:2D,-77.83333333,0,0,4
9C:B2:B2:6D:06:91,-65.90217391,-78.88757396,-79.88571429,4
6C:4D:73:3B:FC:2D,-74,-78.90909091,0,4
9C:B2:B2:6D:06:91,-62.76422764,-76.57692308,-82.2,4
6C:4D:73:3B:FC:2D,-73.6,-81.16666667,-76,4
9C:B2:B2:6D:06:91,-66.84615385,-79.55440415,-79.5,4
9C:B2:B2:6D:06:91,-60.91588785,-76.69767442,-84,4
6C:4D:73:3B:FC:2D,-72,-84,-80,4
6C:4D:73:3B:FC:2D,-78.66666667,-82.5,-84,4
9C:B2:B2:6D:06:91,-63.49693252,-77.88188976,-84,4
6C:4D:73:3B:FC:2D,-70,-88,-84,4
9C:B2:B2:6D:06:91,-65.5372549,-77.02,-84.5,4
9C:B2:B2:6D:06:91,-65.5060241,-76.22291022,-84,4
6C:4D:73:3B:FC:2D,-72.6,-78.88888889,-84,4
9C:B2:B2:6D:06:91,-68.47761194,-77.80645161,-84,4
6C:4D:73:3B:FC:2D,-76,-80,0,4
9C:B2:B2:6D:06:91,0,-78,0,4
9C:B2:B2:6D:06:91,-64.34848485,-80,0,4
6C:4D:73:3B:FC:2D,0,-83.15789474,-82.18181818,4
9C:B2:B2:6D:06:91,-64.1459854,-77.16030534,-83.07142857,4
6C:4D:73:3B:FC:2D,0,-78.28571429,-81.33333333,4
6C:4D:73:3B:FC:2D,-74.75,-79.83333333,-85,4
9C:B2:B2:6D:06:91,-64.84615385,-74.11707317,-76.33333333,4
9C:B2:B2:6D:06:91,-71.22077922,-74.5,0,4
6C:4D:73:3B:FC:2D,-73,-80,0,4
9C:B2:B2:6D:06:91,-62.5,-79.6,-84,4
6C:4D:73:3B:FC:2D,-75,-84.5,-79,4
6C:4D:73:3B:FC:2D,-77.84,-83.45454545,-82.66666667,4
9C:B2:B2:6D:06:91,-64.84716157,-67.17567568,-81.11111111,4
6C:4D:73:3B:FC:2D,-71.75,-79.84615385,0,4
9C:B2:B2:6D:06:91,-72.26315789,-78.21666667,-85.25,4
9C:B2:B2:6D:06:91,-72.46153846,-79.85820896,-81.7826087,4
9C:B2:B2:6D:06:91,-71.0543131,-78.01294498,-80,4
6C:4D:73:3B:FC:2D,0,-78,0,4
6C:4D:73:3B:FC:2D,-70.4,-80,-76,4
9C:B2:B2:6D:06:91,-71.91836735,-80.25842697,-79.46875,4
6C:4D:73:3B:FC:2D,-70.5,-82,-82,4
9C:B2:B2:6D:06:91,-80.76923077,-72.61471861,-72.76666667,4
6C:4D:73:3B:FC:2D,-76,-84.25,0,4
9C:B2:B2:6D:06:91,-80.71304348,-72.70877193,-73.625,4
6C:4D:73:3B:FC:2D,-90,-83.8,0,4
9C:B2:B2:6D:06:91,-81.76712329,-71.18996416,-73.74683544,4
9C:B2:B2:6D:06:91,-82,-71.82312925,-73.14285714,4
6C:4D:73:3B:FC:2D,0,-84,0,4
9C:B2:B2:6D:06:91,-74.58333333,-74.3125,-76.36363636,4
9C:B2:B2:6D:06:91,-76.22222222,-79.6875,-71.80597015,4
9C:B2:B2:6D:06:91,-75.26027397,-80.36,-71.5,4
6C:4D:73:3B:FC:2D,0,0,-81.33333333,4
5C:1D:D9:D3:04:30,-63,-73.33333333,0,4
6C:4D:73:3B:FC:2D,0,-74.93333333,-79.6,4
5C:1D:D9:D3:04:30,-65.10204082,-74.89113924,-78.87692308,4
9C:B2:B2:6D:06:91,-74.625,-77.08333333,-71,4
5C:1D:D9:D3:04:30,-67.51282051,-75,-82.4,4
9C:B2:B2:6D:06:91,-75.57894737,-80.3125,-71.21428571,4
6C:4D:73:3B:FC:2D,-75,-77.44444444,-81,4
9C:B2:B2:6D:06:91,-75.75342466,-81.40425532,-72.17391304,4
6C:4D:73:3B:FC:2D,-72.66666667,-80.66666667,-86.66666667,4
5C:1D:D9:D3:04:30,-67.05084746,-74.47191011,-78,4
5C:1D:D9:D3:04:30,-70.59090909,-73.92105263,-81.02040816,4
9C:B2:B2:6D:06:91,-76.31578947,-81.47826087,-70.125,4
6C:4D:73:3B:FC:2D,-68,-80,0,4
5C:1D:D9:D3:04:30,-68.48275862,-75.13186813,-85.58,4
9C:B2:B2:6D:06:91,-75.64285714,-82.70588235,-70,4
6C:4D:73:3B:FC:2D,-73.13043478,0,0,4
5C:1D:D9:D3:04:30,-69.25,-75.38053097,-83.39130435,4
6C:4D:73:3B:FC:2D,-72,-86,-84,4
9C:B2:B2:6D:06:91,-76,-79,-70.5,4
9C:B2:B2:6D:06:91,-75.4,0,0,4
6C:4D:73:3B:FC:2D,-71.33333333,-84,-92,4
5C:1D:D9:D3:04:30,-71.36363636,-77.23809524,-78.42490842,4
9C:B2:B2:6D:06:91,-76,-80.33333333,-70,4
6C:4D:73:3B:FC:2D,-76.22222222,-84.28571429,0,4
5C:1D:D9:D3:04:30,-71.00884956,-75.38709677,-80.61988304,4
6C:4D:73:3B:FC:2D,-73.6,-80.5,-86,4
9C:B2:B2:6D:06:91,-76,-82,-71.6,4
5C:1D:D9:D3:04:30,-70.15384615,-74.07692308,-82,4
9C:B2:B2:6D:06:91,-76,-82,-73.33333333,4
6C:4D:73:3B:FC:2D,-74.7027027,-80,0,4
5C:1D:D9:D3:04:30,-68.25641026,-74.02380952,-84.84210526,4
9C:B2:B2:6D:06:91,-70,-73.875,-70,4
6C:4D:73:3B:FC:2D,-74,-82,0,4
5C:1D:D9:D3:04:30,-69.45454545,-73.40880503,-86,4
9C:B2:B2:6D:06:91,-72,-80.44444444,-71,4
6C:4D:73:3B:FC:2D,-73.33333333,-80,0,4
5C:1D:D9:D3:04:30,-70.61904762,-73.34306569,-83.95041322,4
9C:B2:B2:6D:06:91,0,-80,-70,4
6C:4D:73:3B:FC:2D,-68.33333333,-82.5,-84,4
5C:1D:D9:D3:04:30,-72.18666667,-72.18994413,-80.66666667,4
9C:B2:B2:6D:06:91,-74,-81.5,-70,4
6C:4D:73:3B:FC:2D,0,-78,0,4
5C:1D:D9:D3:04:30,-72.56666667,-71.8627451,-80.65895954,4
9C:B2:B2:6D:06:91,-71.33333333,-74.66666667,-72,4
5C:1D:D9:D3:04:30,-75.8,-71.92682927,-79.18055556,4
9C:B2:B2:6D:06:91,-74.73684211,-72.15384615,-69.25,4
6C:4D:73:3B:FC:2D,0,0,-80.66666667,4
5C:1D:D9:D3:04:30,-73.25,-71.77777778,-76.41509434,4
6C:4D:73:3B:FC:2D,-78,0,-84,4
9C:B2:B2:6D:06:91,-74.92857143,-71.42857143,-69.2,4
5C:1D:D9:D3:04:30,-77.33333333,-70.27906977,-76.18181818,4
6C:4D:73:3B:FC:2D,0,-76.85714286,-84,4
5C:1D:D9:D3:04:30,-68,-71.87234043,-76.28,4
6C:4D:73:3B:FC:2D,-61,-78.66666667,-84,4
5C:1D:D9:D3:04:30,-62.15,-71.78947368,-76.52083333,4
6C:4D:73:3B:FC:2D,-68.8,-77.75,-82.66666667,4
5C:1D:D9:D3:04:30,-60.53658537,-72.03187251,-78.4742268,4
5C:1D:D9:D3:04:30,-77.45454545,-71.25,-74.44,4
6C:4D:73:3B:FC:2D,-77.33333333,-75.04347826,-72.8,4
6C:4D:73:3B:FC:2D,-74.5,-71.80952381,-72.36363636,4
9C:B2:B2:6D:06:91,-69.44,-74.61157025,-77.37234043,4
5C:1D:D9:D3:04:30,-75.6,-63.50769231,-79.28767123,4
9C:B2:B2:6D:06:91,-69.37662338,-71.81039755,-75.61290323,4
6C:4D:73:3B:FC:2D,-70.85714286,-73.36842105,-79.33333333,4
5C:1D:D9:D3:04:30,-76.26470588,-68.12075472,-67.6322314,4
5C:1D:D9:D3:04:30,-68.56338028,-74.57683215,-75.83464567,4
9C:B2:B2:6D:06:91,-75,-74.96052632,-74.47204969,4
6C:4D:73:3B:FC:2D,-76.77777778,-75.71428571,-79,4
6C:4D:73:3B:FC:2D,-70.8,-77.14285714,0,4
9C:B2:B2:6D:06:91,-70.72727273,-80.48979592,-82.05,4
5C:1D:D9:D3:04:30,-66.70666667,-82,-72.6007326,4
9C:B2:B2:6D:06:91,-74.33333333,-81.80769231,-83.5,4
6C:4D:73:3B:FC:2D,-69.25,-78.5,-80,4
5C:1D:D9:D3:04:30,-68.46560847,-72.125,-75.17021277,4
9C:B2:B2:6D:06:91,-77,-80,-84.5,4
6C:4D:73:3B:FC:2D,-73.33333333,-78.98181818,-80,4
5C:1D:D9:D3:04:30,-66.73684211,-72.50847458,-78.47058824,4
9C:B2:B2:6D:06:91,-74,-79.2,-83,4
6C:4D:73:3B:FC:2D,-70.29787234,-77.4251497,-79.36363636,4
5C:1D:D9:D3:04:30,-75.45454545,-81.89473684,-85.91452991,4
5C:1D:D9:D3:04:30,-65.25,-77.07692308,-79.47368421,4
6C:4D:73:3B:FC:2D,-72.8,-76,-82,4
9C:B2:B2:6D:06:91,-72.96296296,-80,-86,4
9C:B2:B2:6D:06:91,-70.18181818,-79.14285714,0,4
6C:4D:73:3B:FC:2D,-71.33333333,-79.25,-80,4
5C:1D:D9:D3:04:30,-70.10126582,-77.24285714,-80,4
9C:B2:B2:6D:06:91,-66,-79.25,-84.92307692,4
6C:4D:73:3B:FC:2D,-73,-79.89189189,-78.38,4
5C:1D:D9:D3:04:30,-64.25,-82,-76.39344262,4
6C:4D:73:3B:FC:2D,-59.2,-79.74736842,-88,4
9C:B2:B2:6D:06:91,-70,-79.25,-84.66666667,4
5C:1D:D9:D3:04:30,-62.44444444,-76,-77.45454545,4
9C:B2:B2:6D:06:91,-58,0,0,4
5C:1D:D9:D3:04:30,0,-76,0,4
9C:B2:B2:6D:06:91,0,-78,0,4
